"Id","OwnerId","IsDeleted","Name","CreatedDate","CreatedById","LastModifiedDate","LastModifiedById","SystemModstamp","nFORCE__Condition__c","nFORCE__Conditional_Question__c","nFORCE__Option__c","nFORCE__Question__c","nFORCE__lookupKey__c"
"a2y8c000000CQ5XAAW","0058c00000BxeO9AAJ","false","OR-000298","2024-03-05T13:23:16.000Z","0058c00000BxeO9AAJ","2025-07-10T00:09:53.000Z","0058c00000BxeO9AAJ","2025-07-10T00:09:53.000Z","equal to","a308c000000Bgq8AAC","a2z8c000000BlfiAAC","a308c000000BgpsAAC","a2yHo000002tj7CIAQ"
"a2y8c000000CQ5YAAW","0058c00000BxeO9AAJ","false","OR-000299","2024-03-05T13:23:16.000Z","0058c00000BxeO9AAJ","2025-07-10T00:09:53.000Z","0058c00000BxeO9AAJ","2025-07-10T00:09:53.000Z","equal to","a308c000000BgpcAAC","a2z8c000000BlezAAC","a308c000000BgpbAAC","a2yHo000002tj7BIAQ"
"a2y8c000000CQ5ZAAW","0058c00000BxeO9AAJ","false","OR-000300","2024-03-05T13:23:16.000Z","0058c00000BxeO9AAJ","2025-07-10T00:09:53.000Z","0058c00000BxeO9AAJ","2025-07-10T00:09:53.000Z","equal to","a308c000000Bgq8AAC","a2z8c000000BlfjAAC","a308c000000BgpsAAC","a2yHo000002tj7DIAQ"
"a2y8c000000CQ5aAAG","0058c00000BxeO9AAJ","false","OR-000301","2024-03-05T13:23:16.000Z","0058c00000BxeO9AAJ","2025-07-10T00:09:53.000Z","0058c00000BxeO9AAJ","2025-07-10T00:09:53.000Z","equal to","a308c000000Bgq8AAC","a2z8c000000BlfkAAC","a308c000000BgpsAAC","a2yHo000002tj7AIAQ"
"a2y8c000000CQ5bAAG","0058c00000BxeO9AAJ","false","OR-000302","2024-03-05T13:23:16.000Z","0058c00000BxeO9AAJ","2025-07-10T00:09:53.000Z","0058c00000BxeO9AAJ","2025-07-10T00:09:53.000Z","equal to","a308c000000BgptAAC","a2z8c000000BlfIAAS","a308c000000BgpsAAC","a2yHo000002tj7EIAQ"
"a2y8c000000CQ5cAAG","0058c00000BxeO9AAJ","false","OR-000303","2024-03-05T13:23:16.000Z","0058c00000BxeO9AAJ","2025-07-10T00:09:53.000Z","0058c00000BxeO9AAJ","2025-07-10T00:09:53.000Z","equal to","a308c000000Bgq8AAC","a2z8c000000BlflAAC","a308c000000BgptAAC","a2yHo000002tj7FIAQ"
"a2y8c000000CQ5dAAG","0058c00000BxeO9AAJ","false","OR-000304","2024-03-05T13:23:16.000Z","0058c00000BxeO9AAJ","2025-07-10T00:09:53.000Z","0058c00000BxeO9AAJ","2025-07-10T00:09:53.000Z","equal to","a308c000000BgpuAAC","a2z8c000000BlfJAAS","a308c000000BgptAAC","a2yHo000002tj7GIAQ"
"a2y8c000000CQ5eAAG","0058c00000BxeO9AAJ","false","OR-000305","2024-03-05T13:23:16.000Z","0058c00000BxeO9AAJ","2025-07-10T00:09:53.000Z","0058c00000BxeO9AAJ","2025-07-10T00:09:53.000Z","equal to","a308c000000Bgq8AAC","a2z8c000000BlfmAAC","a308c000000BgpuAAC","a2yHo000002tj7HIAQ"
"a2y8c000000CQ5fAAG","0058c00000BxeO9AAJ","false","OR-000306","2024-03-05T13:23:16.000Z","0058c00000BxeO9AAJ","2025-07-10T00:09:53.000Z","0058c00000BxeO9AAJ","2025-07-10T00:09:53.000Z","equal to","a308c000000BgpVAAS","a2z8c000000BlfKAAS","a308c000000BgpuAAC","a2yHo000002tj7IIAQ"
"a2y8c000000CQ5gAAG","0058c00000BxeO9AAJ","false","OR-000307","2024-03-05T13:23:16.000Z","0058c00000BxeO9AAJ","2025-07-10T00:09:53.000Z","0058c00000BxeO9AAJ","2025-07-10T00:09:53.000Z","equal to","a308c000000Bgq8AAC","a2z8c000000BlfoAAC","a308c000000BgpVAAS","a2yHo000002tj7JIAQ"
"a2y8c000000CQ5hAAG","0058c00000BxeO9AAJ","false","OR-000308","2024-03-05T13:23:16.000Z","0058c00000BxeO9AAJ","2025-07-10T00:09:53.000Z","0058c00000BxeO9AAJ","2025-07-10T00:09:53.000Z","equal to","a308c000000BgpvAAC","a2z8c000000BlfLAAS","a308c000000BgpVAAS","a2yHo000002tj7KIAQ"
"a2y8c000000CQ5iAAG","0058c00000BxeO9AAJ","false","OR-000309","2024-03-05T13:23:16.000Z","0058c00000BxeO9AAJ","2025-07-10T00:09:53.000Z","0058c00000BxeO9AAJ","2025-07-10T00:09:53.000Z","equal to","a308c000000Bgq8AAC","a2z8c000000BlfnAAC","a308c000000BgpvAAC","a2yHo000002tj7LIAQ"
"a2y8c000000CQ5jAAG","0058c00000BxeO9AAJ","false","OR-000310","2024-03-05T13:23:16.000Z","0058c00000BxeO9AAJ","2025-07-10T00:09:53.000Z","0058c00000BxeO9AAJ","2025-07-10T00:09:53.000Z","equal to","a308c000000BgpwAAC","a2z8c000000BlfMAAS","a308c000000BgpvAAC","a2yHo000002tj7MIAQ"
"a2y8c000000CQ5kAAG","0058c00000BxeO9AAJ","false","OR-000311","2024-03-05T13:23:16.000Z","0058c00000BxeO9AAJ","2025-07-10T00:09:53.000Z","0058c00000BxeO9AAJ","2025-07-10T00:09:53.000Z","equal to","a308c000000Bgq9AAC","a2z8c000000BlfqAAC","a308c000000BgpmAAC","a2yHo000002tj7NIAQ"
"a2y8c000000CQ5lAAG","0058c00000BxeO9AAJ","false","OR-000312","2024-03-05T13:23:16.000Z","0058c00000BxeO9AAJ","2025-07-10T00:09:53.000Z","0058c00000BxeO9AAJ","2025-07-10T00:09:53.000Z","equal to","a308c000000BgpnAAC","a2z8c000000BlfCAAS","a308c000000BgpmAAC","a2yHo000002tj7OIAQ"
"a2y8c000000CQ5mAAG","0058c00000BxeO9AAJ","false","OR-000313","2024-03-05T13:23:16.000Z","0058c00000BxeO9AAJ","2025-07-10T00:09:53.000Z","0058c00000BxeO9AAJ","2025-07-10T00:09:53.000Z","equal to","a308c000000Bgq9AAC","a2z8c000000BlfrAAC","a308c000000BgpnAAC","a2yHo000002tj7PIAQ"
"a2y8c000000CQ5nAAG","0058c00000BxeO9AAJ","false","OR-000314","2024-03-05T13:23:16.000Z","0058c00000BxeO9AAJ","2025-07-10T00:09:53.000Z","0058c00000BxeO9AAJ","2025-07-10T00:09:53.000Z","equal to","a308c000000BgpoAAC","a2z8c000000BlfDAAS","a308c000000BgpnAAC","a2yHo000002tj7QIAQ"
"a2y8c000000CQ5oAAG","0058c00000BxeO9AAJ","false","OR-000315","2024-03-05T13:23:16.000Z","0058c00000BxeO9AAJ","2025-07-10T00:09:53.000Z","0058c00000BxeO9AAJ","2025-07-10T00:09:53.000Z","equal to","a308c000000BgppAAC","a2z8c000000BlfEAAS","a308c000000BgpoAAC","a2yHo000002tj7RIAQ"
"a2y8c000000CQ5pAAG","0058c00000BxeO9AAJ","false","OR-000316","2024-03-05T13:23:16.000Z","0058c00000BxeO9AAJ","2025-07-10T00:09:53.000Z","0058c00000BxeO9AAJ","2025-07-10T00:09:53.000Z","equal to","a308c000000Bgq9AAC","a2z8c000000BlfsAAC","a308c000000BgpoAAC","a2yHo000002tj7SIAQ"
"a2y8c000000CQ5qAAG","0058c00000BxeO9AAJ","false","OR-000317","2024-03-05T13:23:16.000Z","0058c00000BxeO9AAJ","2025-07-10T00:09:53.000Z","0058c00000BxeO9AAJ","2025-07-10T00:09:53.000Z","equal to","a308c000000BgpqAAC","a2z8c000000BlfFAAS","a308c000000BgppAAC","a2yHo000002tj7TIAQ"
"a2y8c000000CQ5rAAG","0058c00000BxeO9AAJ","false","OR-000318","2024-03-05T13:23:16.000Z","0058c00000BxeO9AAJ","2025-07-10T00:09:53.000Z","0058c00000BxeO9AAJ","2025-07-10T00:09:53.000Z","equal to","a308c000000Bgq9AAC","a2z8c000000BlftAAC","a308c000000BgppAAC","a2yHo000002tj7UIAQ"
"a2y8c000000CQ5sAAG","0058c00000BxeO9AAJ","false","OR-000319","2024-03-05T13:23:16.000Z","0058c00000BxeO9AAJ","2025-07-10T00:09:53.000Z","0058c00000BxeO9AAJ","2025-07-10T00:09:53.000Z","equal to","a308c000000Bgq9AAC","a2z8c000000BlfuAAC","a308c000000BgpqAAC","a2yHo000002tj7VIAQ"
"a2y8c000000CQ5tAAG","0058c00000BxeO9AAJ","false","OR-000320","2024-03-05T13:23:16.000Z","0058c00000BxeO9AAJ","2025-07-10T00:09:53.000Z","0058c00000BxeO9AAJ","2025-07-10T00:09:53.000Z","equal to","a308c000000BgpjAAC","a2z8c000000BlexAAC","a308c000000BgpbAAC","a2yHo000002tj7WIAQ"
"a2y8c000000CQ5uAAG","0058c00000BxeO9AAJ","false","OR-000321","2024-03-05T13:23:16.000Z","0058c00000BxeO9AAJ","2025-07-10T00:09:53.000Z","0058c00000BxeO9AAJ","2025-07-10T00:09:53.000Z","equal to","a308c000000BgpjAAC","a2z8c000000BlfTAAS","a308c000000BgpcAAC","a2yHo000002tj7XIAQ"
"a2y8c000000CQ5vAAG","0058c00000BxeO9AAJ","false","OR-000322","2024-03-05T13:23:16.000Z","0058c00000BxeO9AAJ","2025-07-10T00:09:53.000Z","0058c00000BxeO9AAJ","2025-07-10T00:09:53.000Z","equal to","a308c000000BgpjAAC","a2z8c000000BlfUAAS","a308c000000BgpeAAC","a2yHo000002tj7YIAQ"
"a2y8c000000CQ5wAAG","0058c00000BxeO9AAJ","false","OR-000323","2024-03-05T13:23:16.000Z","0058c00000BxeO9AAJ","2025-07-10T00:09:53.000Z","0058c00000BxeO9AAJ","2025-07-10T00:09:53.000Z","equal to","a308c000000Bgq7AAC","a2z8c000000Blf1AAC","a308c000000BgpeAAC","a2yHo000002tj7ZIAQ"
"a2y8c000000CQ5xAAG","0058c00000BxeO9AAJ","false","OR-000324","2024-03-05T13:23:16.000Z","0058c00000BxeO9AAJ","2025-07-10T00:09:53.000Z","0058c00000BxeO9AAJ","2025-07-10T00:09:53.000Z","equal to","a308c000000BgpkAAC","a2z8c000000Blf3AAC","a308c000000BgpgAAC","a2yHo000002tj7aIAA"
"a2y8c000000CQ5yAAG","0058c00000BxeO9AAJ","false","OR-000325","2024-03-05T13:23:16.000Z","0058c00000BxeO9AAJ","2025-07-10T00:09:53.000Z","0058c00000BxeO9AAJ","2025-07-10T00:09:53.000Z","equal to","a308c000000BgpkAAC","a2z8c000000Blf7AAC","a308c000000BgpgAAC","a2yHo000002tj7bIAA"
"a2y8c000000CQ5zAAG","0058c00000BxeO9AAJ","false","OR-000326","2024-03-05T13:23:16.000Z","0058c00000BxeO9AAJ","2025-07-10T00:09:53.000Z","0058c00000BxeO9AAJ","2025-07-10T00:09:53.000Z","equal to","a308c000000BgplAAC","a2z8c000000BlfAAAS","a308c000000BgpkAAC","a2yHo000002tj7cIAA"
"a2y8c000000CQ60AAG","0058c00000BxeO9AAJ","false","OR-000327","2024-03-05T13:23:16.000Z","0058c00000BxeO9AAJ","2025-07-10T00:09:53.000Z","0058c00000BxeO9AAJ","2025-07-10T00:09:53.000Z","equal to","a308c000000BgplAAC","a2z8c000000BlfRAAS","a308c000000BgpkAAC","a2yHo000002tj7dIAA"
"a2y8c000000CQ61AAG","0058c00000BxeO9AAJ","false","OR-000328","2024-03-05T13:23:16.000Z","0058c00000BxeO9AAJ","2025-07-10T00:09:53.000Z","0058c00000BxeO9AAJ","2025-07-10T00:09:53.000Z","equal to","a308c000000BgprAAC","a2z8c000000BlfGAAS","a308c000000BgpqAAC","a2yHo000002tj7eIAA"
"a2y8c000000CQ62AAG","0058c00000BxeO9AAJ","false","OR-000329","2024-03-05T13:23:16.000Z","0058c00000BxeO9AAJ","2025-07-10T00:09:53.000Z","0058c00000BxeO9AAJ","2025-07-10T00:09:53.000Z","equal to","a308c000000Bgz8AAC","a2z8c000000BlfYAAS","a308c000000Bgz3AAC","a2yHo000002tj7fIAA"
"a2y8c000000CQ63AAG","0058c00000BxeO9AAJ","false","OR-000330","2024-03-05T13:23:16.000Z","0058c00000BxeO9AAJ","2025-07-10T00:09:53.000Z","0058c00000BxeO9AAJ","2025-07-10T00:09:53.000Z","equal to","a308c000000Bgz6AAC","a2z8c000000BlfaAAC","a308c000000Bgz3AAC","a2yHo000002tj7gIAA"
"a2y8c000000CQ64AAG","0058c00000BxeO9AAJ","false","OR-000331","2024-03-05T13:23:16.000Z","0058c00000BxeO9AAJ","2025-07-10T00:09:53.000Z","0058c00000BxeO9AAJ","2025-07-10T00:09:53.000Z","equal to","a308c000000Bgz8AAC","a2z8c000000BlfcAAC","a308c000000Bgz5AAC","a2yHo000002tj7hIAA"
"a2y8c000000CQ65AAG","0058c00000BxeO9AAJ","false","OR-000332","2024-03-05T13:23:16.000Z","0058c00000BxeO9AAJ","2025-07-10T00:09:53.000Z","0058c00000BxeO9AAJ","2025-07-10T00:09:53.000Z","equal to","a308c000000Bgz8AAC","a2z8c000000BlfXAAS","a308c000000Bgz2AAC","a2yHo000002tj7iIAA"
"a2y8c000000CQ66AAG","0058c00000BxeO9AAJ","false","OR-000333","2024-03-05T13:23:16.000Z","0058c00000BxeO9AAJ","2025-07-10T00:09:53.000Z","0058c00000BxeO9AAJ","2025-07-10T00:09:53.000Z","equal to","a308c000000Bgz5AAC","a2z8c000000BlfbAAC","a308c000000Bgz2AAC","a2yHo000002tj7jIAA"
"a2y8c000000CQ67AAG","0058c00000BxeO9AAJ","false","OR-000334","2024-03-05T13:23:16.000Z","0058c00000BxeO9AAJ","2025-07-10T00:09:53.000Z","0058c00000BxeO9AAJ","2025-07-10T00:09:53.000Z","equal to","a308c000000Bgz7AAC","a2z8c000000BlfdAAC","a308c000000Bgz5AAC","a2yHo000002tj7kIAA"
"a2y8c000000CQ68AAG","0058c00000BxeO9AAJ","false","OR-000335","2024-03-05T13:23:16.000Z","0058c00000BxeO9AAJ","2025-07-10T00:09:53.000Z","0058c00000BxeO9AAJ","2025-07-10T00:09:53.000Z","equal to","a308c000000Bgz8AAC","a2z8c000000BlfeAAC","a308c000000Bgz6AAC","a2yHo000002tj7lIAA"
"a2y8c000000CQ69AAG","0058c00000BxeO9AAJ","false","OR-000336","2024-03-05T13:23:16.000Z","0058c00000BxeO9AAJ","2025-07-10T00:09:53.000Z","0058c00000BxeO9AAJ","2025-07-10T00:09:53.000Z","equal to","a308c000000Bgz2AAC","a2z8c000000BlffAAC","a308c000000Bgz6AAC","a2yHo000002tj7mIAA"
"a2y8c000000CQ6AAAW","0058c00000BxeO9AAJ","false","OR-000337","2024-03-05T13:23:16.000Z","0058c00000BxeO9AAJ","2025-07-10T00:09:53.000Z","0058c00000BxeO9AAJ","2025-07-10T00:09:53.000Z","equal to","a308c000000Bgz4AAC","a2z8c000000BlfYAAS","a308c000000Bgz3AAC","a2yHo000002tj7nIAA"
"a2y8c000000CQ6BAAW","0058c00000BxeO9AAJ","false","OR-000338","2024-03-05T13:23:16.000Z","0058c00000BxeO9AAJ","2025-07-10T00:09:53.000Z","0058c00000BxeO9AAJ","2025-07-10T00:09:53.000Z","equal to","a308c000000Bgz4AAC","a2z8c000000BlfXAAS","a308c000000Bgz2AAC","a2yHo000002tj7oIAA"
"a2y8c000000CQ6CAAW","0058c00000BxeO9AAJ","false","OR-000339","2024-03-05T13:23:16.000Z","0058c00000BxeO9AAJ","2025-07-10T00:09:53.000Z","0058c00000BxeO9AAJ","2025-07-10T00:09:53.000Z","equal to","a308c000000Bgz4AAC","a2z8c000000BlfcAAC","a308c000000Bgz5AAC","a2yHo000002tj7pIAA"
"a2y8c000000CQ6DAAW","0058c00000BxeO9AAJ","false","OR-000340","2024-03-05T13:23:16.000Z","0058c00000BxeO9AAJ","2025-07-10T00:09:53.000Z","0058c00000BxeO9AAJ","2025-07-10T00:09:53.000Z","equal to","a308c000000Bgz4AAC","a2z8c000000BlfeAAC","a308c000000Bgz6AAC","a2yHo000002tj7qIAA"
"a2y8c000000CQ6EAAW","0058c00000BxeO9AAJ","false","OR-000341","2024-03-05T13:23:16.000Z","0058c00000BxeO9AAJ","2025-07-10T00:09:53.000Z","0058c00000BxeO9AAJ","2025-07-10T00:09:53.000Z","equal to","a308c000000BgzBAAS","a2z8c000000Blg0AAC","a308c000000Bgz9AAC","a2y4x000000Q9wUAAS"
"a2y8c000000CQ6FAAW","0058c00000BxeO9AAJ","false","OR-000342","2024-03-05T13:23:16.000Z","0058c00000BxeO9AAJ","2025-07-10T00:09:53.000Z","0058c00000BxeO9AAJ","2025-07-10T00:09:53.000Z","equal to","a308c000000BgziAAC","a2z8c000000BlgkAAC","a308c000000BgzRAAS","a2y4x000000Q9wdAAC"
"a2y8c000000CQ6GAAW","0058c00000BxeO9AAJ","false","OR-000343","2024-03-05T13:23:16.000Z","0058c00000BxeO9AAJ","2025-07-10T00:09:53.000Z","0058c00000BxeO9AAJ","2025-07-10T00:09:53.000Z","equal to","a308c000000BgziAAC","a2z8c000000BlglAAC","a308c000000BgzRAAS","a2y4x000000Q9weAAC"
"a2y8c000000CQ6HAAW","0058c00000BxeO9AAJ","false","OR-000344","2024-03-05T13:23:16.000Z","0058c00000BxeO9AAJ","2025-07-10T00:09:53.000Z","0058c00000BxeO9AAJ","2025-07-10T00:09:53.000Z","equal to","a308c000000BgziAAC","a2z8c000000BlgmAAC","a308c000000BgzRAAS","a2y4x000000Q9wfAAC"
"a2y8c000000CQ6IAAW","0058c00000BxeO9AAJ","false","OR-000345","2024-03-05T13:23:16.000Z","0058c00000BxeO9AAJ","2025-07-10T00:09:53.000Z","0058c00000BxeO9AAJ","2025-07-10T00:09:53.000Z","equal to","a308c000000BgzSAAS","a2z8c000000BlgMAAS","a308c000000BgzRAAS","a2y4x000000Q9wgAAC"
"a2y8c000000CQ6JAAW","0058c00000BxeO9AAJ","false","OR-000346","2024-03-05T13:23:16.000Z","0058c00000BxeO9AAJ","2025-07-10T00:09:53.000Z","0058c00000BxeO9AAJ","2025-07-10T00:09:53.000Z","equal to","a308c000000BgziAAC","a2z8c000000BlgnAAC","a308c000000BgzSAAS","a2y4x000000Q9whAAC"
"a2y8c000000CQ6KAAW","0058c00000BxeO9AAJ","false","OR-000347","2024-03-05T13:23:16.000Z","0058c00000BxeO9AAJ","2025-07-10T00:09:53.000Z","0058c00000BxeO9AAJ","2025-07-10T00:09:53.000Z","equal to","a308c000000BgzTAAS","a2z8c000000BlgNAAS","a308c000000BgzSAAS","a2y4x000000Q9wiAAC"
"a2y8c000000CQ6LAAW","0058c00000BxeO9AAJ","false","OR-000348","2024-03-05T13:23:16.000Z","0058c00000BxeO9AAJ","2025-07-10T00:09:53.000Z","0058c00000BxeO9AAJ","2025-07-10T00:09:53.000Z","equal to","a308c000000BgziAAC","a2z8c000000BlgoAAC","a308c000000BgzTAAS","a2y4x000000Q9wjAAC"
"a2y8c000000CQ6MAAW","0058c00000BxeO9AAJ","false","OR-000349","2024-03-05T13:23:16.000Z","0058c00000BxeO9AAJ","2025-07-10T00:09:53.000Z","0058c00000BxeO9AAJ","2025-07-10T00:09:53.000Z","equal to","a308c000000BgzUAAS","a2z8c000000BlgOAAS","a308c000000BgzTAAS","a2y4x000000Q9wkAAC"
"a2y8c000000CQ6NAAW","0058c00000BxeO9AAJ","false","OR-000350","2024-03-05T13:23:16.000Z","0058c00000BxeO9AAJ","2025-07-10T00:09:53.000Z","0058c00000BxeO9AAJ","2025-07-10T00:09:53.000Z","equal to","a308c000000BgziAAC","a2z8c000000BlgqAAC","a308c000000BgzUAAS","a2y4x000000Q9wlAAC"
"a2y8c000000CQ6OAAW","0058c00000BxeO9AAJ","false","OR-000351","2024-03-05T13:23:16.000Z","0058c00000BxeO9AAJ","2025-07-10T00:09:53.000Z","0058c00000BxeO9AAJ","2025-07-10T00:09:53.000Z","equal to","a308c000000BgzVAAS","a2z8c000000BlgPAAS","a308c000000BgzUAAS","a2y4x000000Q9wmAAC"
"a2y8c000000CQ6PAAW","0058c00000BxeO9AAJ","false","OR-000352","2024-03-05T13:23:16.000Z","0058c00000BxeO9AAJ","2025-07-10T00:09:53.000Z","0058c00000BxeO9AAJ","2025-07-10T00:09:53.000Z","equal to","a308c000000BgziAAC","a2z8c000000BlgpAAC","a308c000000BgzVAAS","a2y4x000000Q9wnAAC"
"a2y8c000000CQ6QAAW","0058c00000BxeO9AAJ","false","OR-000353","2024-03-05T13:23:16.000Z","0058c00000BxeO9AAJ","2025-07-10T00:09:53.000Z","0058c00000BxeO9AAJ","2025-07-10T00:09:53.000Z","equal to","a308c000000BgzWAAS","a2z8c000000BlgQAAS","a308c000000BgzVAAS","a2y4x000000Q9woAAC"
"a2y8c000000CQ6RAAW","0058c00000BxeO9AAJ","false","OR-000354","2024-03-05T13:23:16.000Z","0058c00000BxeO9AAJ","2025-07-10T00:09:53.000Z","0058c00000BxeO9AAJ","2025-07-10T00:09:53.000Z","equal to","a308c000000BgzjAAC","a2z8c000000BlgsAAC","a308c000000BgzLAAS","a2y4x000000Q9wpAAC"
"a2y8c000000CQ6SAAW","0058c00000BxeO9AAJ","false","OR-000355","2024-03-05T13:23:16.000Z","0058c00000BxeO9AAJ","2025-07-10T00:09:53.000Z","0058c00000BxeO9AAJ","2025-07-10T00:09:53.000Z","equal to","a308c000000BgzMAAS","a2z8c000000BlgGAAS","a308c000000BgzLAAS","a2y4x000000Q9wqAAC"
"a2y8c000000CQ6TAAW","0058c00000BxeO9AAJ","false","OR-000356","2024-03-05T13:23:16.000Z","0058c00000BxeO9AAJ","2025-07-10T00:09:53.000Z","0058c00000BxeO9AAJ","2025-07-10T00:09:53.000Z","equal to","a308c000000BgzjAAC","a2z8c000000BlgtAAC","a308c000000BgzMAAS","a2y4x000000Q9wrAAC"
"a2y8c000000CQ6UAAW","0058c00000BxeO9AAJ","false","OR-000357","2024-03-05T13:23:16.000Z","0058c00000BxeO9AAJ","2025-07-10T00:09:53.000Z","0058c00000BxeO9AAJ","2025-07-10T00:09:53.000Z","equal to","a308c000000BgzNAAS","a2z8c000000BlgHAAS","a308c000000BgzMAAS","a2y4x000000Q9wsAAC"
"a2y8c000000CQ6VAAW","0058c00000BxeO9AAJ","false","OR-000358","2024-03-05T13:23:16.000Z","0058c00000BxeO9AAJ","2025-07-10T00:09:53.000Z","0058c00000BxeO9AAJ","2025-07-10T00:09:53.000Z","equal to","a308c000000BgzOAAS","a2z8c000000BlgIAAS","a308c000000BgzNAAS","a2y4x000000Q9wtAAC"
"a2y8c000000CQ6WAAW","0058c00000BxeO9AAJ","false","OR-000359","2024-03-05T13:23:16.000Z","0058c00000BxeO9AAJ","2025-07-10T00:09:53.000Z","0058c00000BxeO9AAJ","2025-07-10T00:09:53.000Z","equal to","a308c000000BgzjAAC","a2z8c000000BlguAAC","a308c000000BgzNAAS","a2y4x000000Q9wuAAC"
"a2y8c000000CQ6XAAW","0058c00000BxeO9AAJ","false","OR-000360","2024-03-05T13:23:16.000Z","0058c00000BxeO9AAJ","2025-07-10T00:09:53.000Z","0058c00000BxeO9AAJ","2025-07-10T00:09:53.000Z","equal to","a308c000000BgzPAAS","a2z8c000000BlgJAAS","a308c000000BgzOAAS","a2y4x000000Q9wvAAC"
"a2y8c000000CQ6YAAW","0058c00000BxeO9AAJ","false","OR-000361","2024-03-05T13:23:16.000Z","0058c00000BxeO9AAJ","2025-07-10T00:09:53.000Z","0058c00000BxeO9AAJ","2025-07-10T00:09:53.000Z","equal to","a308c000000BgzjAAC","a2z8c000000BlgvAAC","a308c000000BgzOAAS","a2y4x000000Q9wwAAC"
"a2y8c000000CQ6ZAAW","0058c00000BxeO9AAJ","false","OR-000362","2024-03-05T13:23:16.000Z","0058c00000BxeO9AAJ","2025-07-10T00:09:53.000Z","0058c00000BxeO9AAJ","2025-07-10T00:09:53.000Z","equal to","a308c000000BgzjAAC","a2z8c000000BlgwAAC","a308c000000BgzPAAS","a2y4x000000Q9wxAAC"
"a2y8c000000CQ6aAAG","0058c00000BxeO9AAJ","false","OR-000363","2024-03-05T13:23:16.000Z","0058c00000BxeO9AAJ","2025-07-10T00:09:53.000Z","0058c00000BxeO9AAJ","2025-07-10T00:09:53.000Z","equal to","a308c000000BgzIAAS","a2z8c000000BlfyAAC","a308c000000Bgz9AAC","a2y4x000000Q9wyAAC"
"a2y8c000000CQ6bAAG","0058c00000BxeO9AAJ","false","OR-000364","2024-03-05T13:23:16.000Z","0058c00000BxeO9AAJ","2025-07-10T00:09:53.000Z","0058c00000BxeO9AAJ","2025-07-10T00:09:53.000Z","equal to","a308c000000BgzIAAS","a2z8c000000BlgXAAS","a308c000000BgzBAAS","a2y4x000000Q9wzAAC"
"a2y8c000000CQ6cAAG","0058c00000BxeO9AAJ","false","OR-000365","2024-03-05T13:23:16.000Z","0058c00000BxeO9AAJ","2025-07-10T00:09:53.000Z","0058c00000BxeO9AAJ","2025-07-10T00:09:53.000Z","equal to","a308c000000BgzIAAS","a2z8c000000BlgYAAS","a308c000000BgzDAAS","a2y4x000000Q9x0AAC"
"a2y8c000000CQ6dAAG","0058c00000BxeO9AAJ","false","OR-000366","2024-03-05T13:23:16.000Z","0058c00000BxeO9AAJ","2025-07-10T00:09:53.000Z","0058c00000BxeO9AAJ","2025-07-10T00:09:53.000Z","equal to","a308c000000BgzhAAC","a2z8c000000Blg3AAC","a308c000000BgzDAAS","a2y4x000000Q9x1AAC"
"a2y8c000000CQ6eAAG","0058c00000BxeO9AAJ","false","OR-000367","2024-03-05T13:23:16.000Z","0058c00000BxeO9AAJ","2025-07-10T00:09:53.000Z","0058c00000BxeO9AAJ","2025-07-10T00:09:53.000Z","equal to","a308c000000BgzJAAS","a2z8c000000Blg5AAC","a308c000000BgzFAAS","a2y4x000000Q9x2AAC"
"a2y8c000000CQ6fAAG","0058c00000BxeO9AAJ","false","OR-000368","2024-03-05T13:23:16.000Z","0058c00000BxeO9AAJ","2025-07-10T00:09:53.000Z","0058c00000BxeO9AAJ","2025-07-10T00:09:53.000Z","equal to","a308c000000BgzJAAS","a2z8c000000Blg9AAC","a308c000000BgzFAAS","a2y4x000000Q9x3AAC"
"a2y8c000000CQ6gAAG","0058c00000BxeO9AAJ","false","OR-000369","2024-03-05T13:23:16.000Z","0058c00000BxeO9AAJ","2025-07-10T00:09:53.000Z","0058c00000BxeO9AAJ","2025-07-10T00:09:53.000Z","equal to","a308c000000BgzKAAS","a2z8c000000BlgCAAS","a308c000000BgzJAAS","a2y4x000000Q9x4AAC"
"a2y8c000000CQ6hAAG","0058c00000BxeO9AAJ","false","OR-000370","2024-03-05T13:23:16.000Z","0058c00000BxeO9AAJ","2025-07-10T00:09:53.000Z","0058c00000BxeO9AAJ","2025-07-10T00:09:53.000Z","equal to","a308c000000BgzKAAS","a2z8c000000BlgVAAS","a308c000000BgzJAAS","a2y4x000000Q9x5AAC"
"a2y8c000000CQ6iAAG","0058c00000BxeO9AAJ","false","OR-000371","2024-03-05T13:23:16.000Z","0058c00000BxeO9AAJ","2025-07-10T00:09:53.000Z","0058c00000BxeO9AAJ","2025-07-10T00:09:53.000Z","equal to","a308c000000BgzQAAS","a2z8c000000BlgKAAS","a308c000000BgzPAAS","a2y4x000000Q9xAAAS"
"a2y8c000000CQ6jAAG","0058c00000BxeO9AAJ","false","OR-000372","2024-03-05T13:23:16.000Z","0058c00000BxeO9AAJ","2025-07-10T00:09:53.000Z","0058c00000BxeO9AAJ","2025-07-10T00:09:53.000Z","equal to","a308c000000Bh0CAAS","a2z8c000000BlgEAAS","a308c000000Bh06AAC","a2y4x000000Q9wVAAS"
"a2y8c000000CQ6kAAG","0058c00000BxeO9AAJ","false","OR-000373","2024-03-05T13:23:16.000Z","0058c00000BxeO9AAJ","2025-07-10T00:09:53.000Z","0058c00000BxeO9AAJ","2025-07-10T00:09:53.000Z","equal to","a308c000000Bh0AAAS","a2z8c000000BlgbAAC","a308c000000Bh06AAC","a2y4x000000Q9wWAAS"
"a2y8c000000CQ6lAAG","0058c00000BxeO9AAJ","false","OR-000374","2024-03-05T13:23:16.000Z","0058c00000BxeO9AAJ","2025-07-10T00:09:53.000Z","0058c00000BxeO9AAJ","2025-07-10T00:09:53.000Z","equal to","a308c000000Bh0CAAS","a2z8c000000BlgeAAC","a308c000000Bh09AAC","a2y4x000000Q9wXAAS"
"a2y8c000000CQ6mAAG","0058c00000BxeO9AAJ","false","OR-000375","2024-03-05T13:23:16.000Z","0058c00000BxeO9AAJ","2025-07-10T00:09:53.000Z","0058c00000BxeO9AAJ","2025-07-10T00:09:53.000Z","equal to","a308c000000Bh0CAAS","a2z8c000000BlgcAAC","a308c000000Bh08AAC","a2y4x000000Q9wYAAS"
"a2y8c000000CQ6nAAG","0058c00000BxeO9AAJ","false","OR-000376","2024-03-05T13:23:16.000Z","0058c00000BxeO9AAJ","2025-07-10T00:09:53.000Z","0058c00000BxeO9AAJ","2025-07-10T00:09:53.000Z","equal to","a308c000000Bh09AAC","a2z8c000000BlgdAAC","a308c000000Bh08AAC","a2y4x000000Q9wZAAS"
"a2y8c000000CQ6oAAG","0058c00000BxeO9AAJ","false","OR-000377","2024-03-05T13:23:16.000Z","0058c00000BxeO9AAJ","2025-07-10T00:09:53.000Z","0058c00000BxeO9AAJ","2025-07-10T00:09:53.000Z","equal to","a308c000000Bh0BAAS","a2z8c000000BlgfAAC","a308c000000Bh09AAC","a2y4x000000Q9waAAC"
"a2y8c000000CQ6pAAG","0058c00000BxeO9AAJ","false","OR-000378","2024-03-05T13:23:16.000Z","0058c00000BxeO9AAJ","2025-07-10T00:09:53.000Z","0058c00000BxeO9AAJ","2025-07-10T00:09:53.000Z","equal to","a308c000000Bh0CAAS","a2z8c000000BlggAAC","a308c000000Bh0AAAS","a2y4x000000Q9wbAAC"
"a2y8c000000CQ6qAAG","0058c00000BxeO9AAJ","false","OR-000379","2024-03-05T13:23:16.000Z","0058c00000BxeO9AAJ","2025-07-10T00:09:53.000Z","0058c00000BxeO9AAJ","2025-07-10T00:09:53.000Z","equal to","a308c000000Bh08AAC","a2z8c000000BlghAAC","a308c000000Bh0AAAS","a2y4x000000Q9wcAAC"
"a2y8c000000CQ6rAAG","0058c00000BxeO9AAJ","false","OR-000380","2024-03-05T13:23:16.000Z","0058c00000BxeO9AAJ","2025-07-10T00:09:53.000Z","0058c00000BxeO9AAJ","2025-07-10T00:09:53.000Z","equal to","a308c000000Bh07AAC","a2z8c000000BlgEAAS","a308c000000Bh06AAC","a2y4x000000Q9x6AAC"
"a2y8c000000CQ6sAAG","0058c00000BxeO9AAJ","false","OR-000381","2024-03-05T13:23:16.000Z","0058c00000BxeO9AAJ","2025-07-10T00:09:53.000Z","0058c00000BxeO9AAJ","2025-07-10T00:09:53.000Z","equal to","a308c000000Bh07AAC","a2z8c000000BlgcAAC","a308c000000Bh08AAC","a2y4x000000Q9x7AAC"
"a2y8c000000CQ6tAAG","0058c00000BxeO9AAJ","false","OR-000382","2024-03-05T13:23:16.000Z","0058c00000BxeO9AAJ","2025-07-10T00:09:53.000Z","0058c00000BxeO9AAJ","2025-07-10T00:09:53.000Z","equal to","a308c000000Bh07AAC","a2z8c000000BlgeAAC","a308c000000Bh09AAC","a2y4x000000Q9x8AAC"
"a2y8c000000CQ6uAAG","0058c00000BxeO9AAJ","false","OR-000383","2024-03-05T13:23:16.000Z","0058c00000BxeO9AAJ","2025-07-10T00:09:53.000Z","0058c00000BxeO9AAJ","2025-07-10T00:09:53.000Z","equal to","a308c000000Bh07AAC","a2z8c000000BlggAAC","a308c000000Bh0AAAS","a2y4x000000Q9x9AAC"
"a2y8c000000CQ6vAAG","0058c00000BxeO9AAJ","false","OR-000384","2024-03-05T13:23:16.000Z","0058c00000BxeO9AAJ","2025-07-10T00:09:53.000Z","0058c00000BxeO9AAJ","2025-07-10T00:09:53.000Z","equal to","a308c000000Bh0FAAS","a2z8c000000Blh4AAC","a308c000000Bh0EAAS","42667413908385436"
"a2y8c000001A08jAAC","0058c00000BxeO9AAJ","false","OR-001375","2023-10-18T17:44:29.000Z","0058c00000BxeO9AAJ","2025-07-10T00:09:53.000Z","0058c00000BxeO9AAJ","2025-07-10T00:09:53.000Z","equal to","a308c000000lZIsAAM","a2z8c000001MjucAAC","a308c000000lZIcAAM","a2yHu00000JQY1dIAH"
"a2y8c000001A08kAAC","0058c00000BxeO9AAJ","false","OR-001376","2023-10-18T17:44:29.000Z","0058c00000BxeO9AAJ","2025-07-10T00:09:53.000Z","0058c00000BxeO9AAJ","2025-07-10T00:09:53.000Z","equal to","a308c000000lZIMAA2","a2z8c000001MjttAAC","a308c000000lZILAA2","a2yHu00000JQY1cIAH"
"a2y8c000001A08lAAC","0058c00000BxeO9AAJ","false","OR-001377","2023-10-18T17:44:29.000Z","0058c00000BxeO9AAJ","2025-07-10T00:09:53.000Z","0058c00000BxeO9AAJ","2025-07-10T00:09:53.000Z","equal to","a308c000000lZIsAAM","a2z8c000001MjudAAC","a308c000000lZIcAAM","a2yHu00000JQY1eIAH"
"a2y8c000001A08mAAC","0058c00000BxeO9AAJ","false","OR-001378","2023-10-18T17:44:29.000Z","0058c00000BxeO9AAJ","2025-07-10T00:09:53.000Z","0058c00000BxeO9AAJ","2025-07-10T00:09:53.000Z","equal to","a308c000000lZIsAAM","a2z8c000001MjueAAC","a308c000000lZIcAAM","a2yHu00000JQY1bIAH"
"a2y8c000001A08nAAC","0058c00000BxeO9AAJ","false","OR-001379","2023-10-18T17:44:29.000Z","0058c00000BxeO9AAJ","2025-07-10T00:09:53.000Z","0058c00000BxeO9AAJ","2025-07-10T00:09:53.000Z","equal to","a308c000000lZIdAAM","a2z8c000001MjuCAAS","a308c000000lZIcAAM","a2yHu00000JQY1fIAH"
"a2y8c000001A08oAAC","0058c00000BxeO9AAJ","false","OR-001380","2023-10-18T17:44:29.000Z","0058c00000BxeO9AAJ","2025-07-10T00:09:53.000Z","0058c00000BxeO9AAJ","2025-07-10T00:09:53.000Z","equal to","a308c000000lZIsAAM","a2z8c000001MjufAAC","a308c000000lZIdAAM","a2yHu00000JQY1gIAH"
"a2y8c000001A08pAAC","0058c00000BxeO9AAJ","false","OR-001381","2023-10-18T17:44:29.000Z","0058c00000BxeO9AAJ","2025-07-10T00:09:53.000Z","0058c00000BxeO9AAJ","2025-07-10T00:09:53.000Z","equal to","a308c000000lZIeAAM","a2z8c000001MjuDAAS","a308c000000lZIdAAM","a2yHu00000JQY1hIAH"
"a2y8c000001A08qAAC","0058c00000BxeO9AAJ","false","OR-001382","2023-10-18T17:44:29.000Z","0058c00000BxeO9AAJ","2025-07-10T00:09:53.000Z","0058c00000BxeO9AAJ","2025-07-10T00:09:53.000Z","equal to","a308c000000lZIsAAM","a2z8c000001MjugAAC","a308c000000lZIeAAM","a2yHu00000JQY1iIAH"
"a2y8c000001A08rAAC","0058c00000BxeO9AAJ","false","OR-001383","2023-10-18T17:44:29.000Z","0058c00000BxeO9AAJ","2025-07-10T00:09:53.000Z","0058c00000BxeO9AAJ","2025-07-10T00:09:53.000Z","equal to","a308c000000lZIFAA2","a2z8c000001MjuEAAS","a308c000000lZIeAAM","a2yHu00000JQY1jIAH"
"a2y8c000001A08sAAC","0058c00000BxeO9AAJ","false","OR-001384","2023-10-18T17:44:29.000Z","0058c00000BxeO9AAJ","2025-07-10T00:09:53.000Z","0058c00000BxeO9AAJ","2025-07-10T00:09:53.000Z","equal to","a308c000000lZIsAAM","a2z8c000001MjuiAAC","a308c000000lZIFAA2","a2yHu00000JQY1kIAH"
"a2y8c000001A08tAAC","0058c00000BxeO9AAJ","false","OR-001385","2023-10-18T17:44:29.000Z","0058c00000BxeO9AAJ","2025-07-10T00:09:53.000Z","0058c00000BxeO9AAJ","2025-07-10T00:09:53.000Z","equal to","a308c000000lZIfAAM","a2z8c000001MjuFAAS","a308c000000lZIFAA2","a2yHu00000JQY1lIAH"
"a2y8c000001A08uAAC","0058c00000BxeO9AAJ","false","OR-001386","2023-10-18T17:44:29.000Z","0058c00000BxeO9AAJ","2025-07-10T00:09:53.000Z","0058c00000BxeO9AAJ","2025-07-10T00:09:53.000Z","equal to","a308c000000lZIsAAM","a2z8c000001MjuhAAC","a308c000000lZIfAAM","a2yHu00000JQY1mIAH"
"a2y8c000001A08vAAC","0058c00000BxeO9AAJ","false","OR-001387","2023-10-18T17:44:29.000Z","0058c00000BxeO9AAJ","2025-07-10T00:09:53.000Z","0058c00000BxeO9AAJ","2025-07-10T00:09:53.000Z","equal to","a308c000000lZIgAAM","a2z8c000001MjuGAAS","a308c000000lZIfAAM","a2yHu00000JQY1nIAH"
"a2y8c000001A08wAAC","0058c00000BxeO9AAJ","false","OR-001388","2023-10-18T17:44:29.000Z","0058c00000BxeO9AAJ","2025-07-10T00:09:53.000Z","0058c00000BxeO9AAJ","2025-07-10T00:09:53.000Z","equal to","a308c000000lZItAAM","a2z8c000001MjukAAC","a308c000000lZIWAA2","a2yHu00000JQY1oIAH"
"a2y8c000001A08xAAC","0058c00000BxeO9AAJ","false","OR-001389","2023-10-18T17:44:29.000Z","0058c00000BxeO9AAJ","2025-07-10T00:09:53.000Z","0058c00000BxeO9AAJ","2025-07-10T00:09:53.000Z","equal to","a308c000000lZIXAA2","a2z8c000001Mju6AAC","a308c000000lZIWAA2","a2yHu00000JQY1pIAH"
"a2y8c000001A08yAAC","0058c00000BxeO9AAJ","false","OR-001390","2023-10-18T17:44:29.000Z","0058c00000BxeO9AAJ","2025-07-10T00:09:53.000Z","0058c00000BxeO9AAJ","2025-07-10T00:09:53.000Z","equal to","a308c000000lZItAAM","a2z8c000001MjulAAC","a308c000000lZIXAA2","a2yHu00000JQY1qIAH"
"a2y8c000001A08zAAC","0058c00000BxeO9AAJ","false","OR-001391","2023-10-18T17:44:29.000Z","0058c00000BxeO9AAJ","2025-07-10T00:09:53.000Z","0058c00000BxeO9AAJ","2025-07-10T00:09:53.000Z","equal to","a308c000000lZIYAA2","a2z8c000001Mju7AAC","a308c000000lZIXAA2","a2yHu00000JQY1rIAH"
"a2y8c000001A090AAC","0058c00000BxeO9AAJ","false","OR-001392","2023-10-18T17:44:29.000Z","0058c00000BxeO9AAJ","2025-07-10T00:09:53.000Z","0058c00000BxeO9AAJ","2025-07-10T00:09:53.000Z","equal to","a308c000000lZIZAA2","a2z8c000001Mju8AAC","a308c000000lZIYAA2","a2yHu00000JQY1sIAH"
"a2y8c000001A091AAC","0058c00000BxeO9AAJ","false","OR-001393","2023-10-18T17:44:29.000Z","0058c00000BxeO9AAJ","2025-07-10T00:09:53.000Z","0058c00000BxeO9AAJ","2025-07-10T00:09:53.000Z","equal to","a308c000000lZItAAM","a2z8c000001MjumAAC","a308c000000lZIYAA2","a2yHu00000JQY1tIAH"
"a2y8c000001A092AAC","0058c00000BxeO9AAJ","false","OR-001394","2023-10-18T17:44:29.000Z","0058c00000BxeO9AAJ","2025-07-10T00:09:53.000Z","0058c00000BxeO9AAJ","2025-07-10T00:09:53.000Z","equal to","a308c000000lZIaAAM","a2z8c000001Mju9AAC","a308c000000lZIZAA2","a2yHu00000JQY1uIAH"
"a2y8c000001A093AAC","0058c00000BxeO9AAJ","false","OR-001395","2023-10-18T17:44:29.000Z","0058c00000BxeO9AAJ","2025-07-10T00:09:53.000Z","0058c00000BxeO9AAJ","2025-07-10T00:09:53.000Z","equal to","a308c000000lZItAAM","a2z8c000001MjunAAC","a308c000000lZIZAA2","a2yHu00000JQY1vIAH"
"a2y8c000001A094AAC","0058c00000BxeO9AAJ","false","OR-001396","2023-10-18T17:44:29.000Z","0058c00000BxeO9AAJ","2025-07-10T00:09:53.000Z","0058c00000BxeO9AAJ","2025-07-10T00:09:53.000Z","equal to","a308c000000lZItAAM","a2z8c000001MjuoAAC","a308c000000lZIaAAM","a2yHu00000JQY1wIAH"
"a2y8c000001A095AAC","0058c00000BxeO9AAJ","false","OR-001397","2023-10-18T17:44:29.000Z","0058c00000BxeO9AAJ","2025-07-10T00:09:53.000Z","0058c00000BxeO9AAJ","2025-07-10T00:09:53.000Z","equal to","a308c000000lZITAA2","a2z8c000001MjtrAAC","a308c000000lZILAA2","a2yHu00000JQY1xIAH"
"a2y8c000001A096AAC","0058c00000BxeO9AAJ","false","OR-001398","2023-10-18T17:44:29.000Z","0058c00000BxeO9AAJ","2025-07-10T00:09:53.000Z","0058c00000BxeO9AAJ","2025-07-10T00:09:53.000Z","equal to","a308c000000lZITAA2","a2z8c000001MjuNAAS","a308c000000lZIMAA2","a2yHu00000JQY1yIAH"
"a2y8c000001A097AAC","0058c00000BxeO9AAJ","false","OR-001399","2023-10-18T17:44:29.000Z","0058c00000BxeO9AAJ","2025-07-10T00:09:53.000Z","0058c00000BxeO9AAJ","2025-07-10T00:09:53.000Z","equal to","a308c000000lZITAA2","a2z8c000001MjuOAAS","a308c000000lZIOAA2","a2yHu00000JQY1zIAH"
"a2y8c000001A098AAC","0058c00000BxeO9AAJ","false","OR-001400","2023-10-18T17:44:29.000Z","0058c00000BxeO9AAJ","2025-07-10T00:09:53.000Z","0058c00000BxeO9AAJ","2025-07-10T00:09:53.000Z","equal to","a308c000000lZIrAAM","a2z8c000001MjtvAAC","a308c000000lZIOAA2","a2yHu00000JQY20IAH"
"a2y8c000001A099AAC","0058c00000BxeO9AAJ","false","OR-001401","2023-10-18T17:44:29.000Z","0058c00000BxeO9AAJ","2025-07-10T00:09:53.000Z","0058c00000BxeO9AAJ","2025-07-10T00:09:53.000Z","equal to","a308c000000lZIUAA2","a2z8c000001MjtxAAC","a308c000000lZIQAA2","a2yHu00000JQY21IAH"
"a2y8c000001A09AAAS","0058c00000BxeO9AAJ","false","OR-001402","2023-10-18T17:44:29.000Z","0058c00000BxeO9AAJ","2025-07-10T00:09:53.000Z","0058c00000BxeO9AAJ","2025-07-10T00:09:53.000Z","equal to","a308c000000lZIUAA2","a2z8c000001Mju1AAC","a308c000000lZIQAA2","a2yHu00000JQY22IAH"
"a2y8c000001A09BAAS","0058c00000BxeO9AAJ","false","OR-001403","2023-10-18T17:44:29.000Z","0058c00000BxeO9AAJ","2025-07-10T00:09:53.000Z","0058c00000BxeO9AAJ","2025-07-10T00:09:53.000Z","equal to","a308c000000lZIVAA2","a2z8c000001Mju4AAC","a308c000000lZIUAA2","a2yHu00000JQY23IAH"
"a2y8c000001A09CAAS","0058c00000BxeO9AAJ","false","OR-001404","2023-10-18T17:44:29.000Z","0058c00000BxeO9AAJ","2025-07-10T00:09:53.000Z","0058c00000BxeO9AAJ","2025-07-10T00:09:53.000Z","equal to","a308c000000lZIVAA2","a2z8c000001MjuLAAS","a308c000000lZIUAA2","a2yHu00000JQY24IAH"
"a2y8c000001A09DAAS","0058c00000BxeO9AAJ","false","OR-001405","2023-10-18T17:44:29.000Z","0058c00000BxeO9AAJ","2025-07-10T00:09:53.000Z","0058c00000BxeO9AAJ","2025-07-10T00:09:53.000Z","equal to","a308c000000lZIbAAM","a2z8c000001MjuAAAS","a308c000000lZIaAAM","a2yHu00000JQY25IAH"
"a2y8c000001A09EAAS","0058c00000BxeO9AAJ","false","OR-001406","2023-10-18T17:44:29.000Z","0058c00000BxeO9AAJ","2025-07-10T00:09:53.000Z","0058c00000BxeO9AAJ","2025-07-10T00:09:53.000Z","equal to","a308c000000lZJIAA2","a2z8c000001MjuSAAS","a308c000000lZJDAA2","a2yHu00000JQY26IAH"
"a2y8c000001A09FAAS","0058c00000BxeO9AAJ","false","OR-001407","2023-10-18T17:44:29.000Z","0058c00000BxeO9AAJ","2025-07-10T00:09:53.000Z","0058c00000BxeO9AAJ","2025-07-10T00:09:53.000Z","equal to","a308c000000lZJGAA2","a2z8c000001MjuUAAS","a308c000000lZJDAA2","a2yHu00000JQY27IAH"
"a2y8c000001A09GAAS","0058c00000BxeO9AAJ","false","OR-001408","2023-10-18T17:44:29.000Z","0058c00000BxeO9AAJ","2025-07-10T00:09:53.000Z","0058c00000BxeO9AAJ","2025-07-10T00:09:53.000Z","equal to","a308c000000lZJIAA2","a2z8c000001MjuWAAS","a308c000000lZJFAA2","a2yHu00000JQY28IAH"
"a2y8c000001A09HAAS","0058c00000BxeO9AAJ","false","OR-001409","2023-10-18T17:44:29.000Z","0058c00000BxeO9AAJ","2025-07-10T00:09:53.000Z","0058c00000BxeO9AAJ","2025-07-10T00:09:53.000Z","equal to","a308c000000lZJIAA2","a2z8c000001MjuRAAS","a308c000000lZJCAA2","a2yHu00000JQY29IAH"
"a2y8c000001A09IAAS","0058c00000BxeO9AAJ","false","OR-001410","2023-10-18T17:44:29.000Z","0058c00000BxeO9AAJ","2025-07-10T00:09:53.000Z","0058c00000BxeO9AAJ","2025-07-10T00:09:53.000Z","equal to","a308c000000lZJFAA2","a2z8c000001MjuVAAS","a308c000000lZJCAA2","a2yHu00000JQY2AIAX"
"a2y8c000001A09JAAS","0058c00000BxeO9AAJ","false","OR-001411","2023-10-18T17:44:29.000Z","0058c00000BxeO9AAJ","2025-07-10T00:09:53.000Z","0058c00000BxeO9AAJ","2025-07-10T00:09:53.000Z","equal to","a308c000000lZJHAA2","a2z8c000001MjuXAAS","a308c000000lZJFAA2","a2yHu00000JQY2BIAX"
"a2y8c000001A09KAAS","0058c00000BxeO9AAJ","false","OR-001412","2023-10-18T17:44:29.000Z","0058c00000BxeO9AAJ","2025-07-10T00:09:53.000Z","0058c00000BxeO9AAJ","2025-07-10T00:09:53.000Z","equal to","a308c000000lZJIAA2","a2z8c000001MjuYAAS","a308c000000lZJGAA2","a2yHu00000JQY2CIAX"
"a2y8c000001A09LAAS","0058c00000BxeO9AAJ","false","OR-001413","2023-10-18T17:44:29.000Z","0058c00000BxeO9AAJ","2025-07-10T00:09:53.000Z","0058c00000BxeO9AAJ","2025-07-10T00:09:53.000Z","equal to","a308c000000lZJCAA2","a2z8c000001MjuZAAS","a308c000000lZJGAA2","a2yHu00000JQY2DIAX"
"a2y8c000001A09MAAS","0058c00000BxeO9AAJ","false","OR-001414","2023-10-18T17:44:29.000Z","0058c00000BxeO9AAJ","2025-07-10T00:09:53.000Z","0058c00000BxeO9AAJ","2025-07-10T00:09:53.000Z","equal to","a308c000000lZJEAA2","a2z8c000001MjuSAAS","a308c000000lZJDAA2","a2yHu00000JQY2EIAX"
"a2y8c000001A09NAAS","0058c00000BxeO9AAJ","false","OR-001415","2023-10-18T17:44:29.000Z","0058c00000BxeO9AAJ","2025-07-10T00:09:53.000Z","0058c00000BxeO9AAJ","2025-07-10T00:09:53.000Z","equal to","a308c000000lZJEAA2","a2z8c000001MjuRAAS","a308c000000lZJCAA2","a2yHu00000JQY2FIAX"
"a2y8c000001A09OAAS","0058c00000BxeO9AAJ","false","OR-001416","2023-10-18T17:44:29.000Z","0058c00000BxeO9AAJ","2025-07-10T00:09:53.000Z","0058c00000BxeO9AAJ","2025-07-10T00:09:53.000Z","equal to","a308c000000lZJEAA2","a2z8c000001MjuWAAS","a308c000000lZJFAA2","a2yHu00000JQY2GIAX"
"a2y8c000001A09PAAS","0058c00000BxeO9AAJ","false","OR-001417","2023-10-18T17:44:29.000Z","0058c00000BxeO9AAJ","2025-07-10T00:09:53.000Z","0058c00000BxeO9AAJ","2025-07-10T00:09:53.000Z","equal to","a308c000000lZJEAA2","a2z8c000001MjuYAAS","a308c000000lZJGAA2","a2yHu00000JQY2HIAX"
"a2y8c000001aL8lAAE","0058c00000BxeO9AAJ","false","OR-000177","2023-09-13T06:39:47.000Z","0058c00000BxeO9AAJ","2025-07-10T00:09:53.000Z","0058c00000BxeO9AAJ","2025-07-10T00:09:53.000Z","equal to","a308c000000dYRbAAM","a2z8c000000egEqAAI","a308c000000dYQ7AAM","a2Q3g000000TPEkEAO"
"a2y8c000001aL8mAAE","0058c00000BxeO9AAJ","false","OR-000178","2023-09-13T06:39:47.000Z","0058c00000BxeO9AAJ","2025-07-10T00:09:53.000Z","0058c00000BxeO9AAJ","2025-07-10T00:09:53.000Z","equal to","a308c000000dYQ8AAM","a2z8c000000egNDAAY","a308c000000dYQ7AAM","a2Q3g000000TPElEAO"
"a2y8c000001aL8nAAE","0058c00000BxeO9AAJ","false","OR-000179","2023-09-13T06:39:47.000Z","0058c00000BxeO9AAJ","2025-07-10T00:09:53.000Z","0058c00000BxeO9AAJ","2025-07-10T00:09:53.000Z","equal to","a308c000000dYRbAAM","a2z8c000000egErAAI","a308c000000dYQ8AAM","a2Q3g000000TPEmEAO"
"a2y8c000001aL8oAAE","0058c00000BxeO9AAJ","false","OR-000180","2023-09-13T06:39:47.000Z","0058c00000BxeO9AAJ","2025-07-10T00:09:53.000Z","0058c00000BxeO9AAJ","2025-07-10T00:09:53.000Z","equal to","a308c000000dYQ9AAM","a2z8c000000egNEAAY","a308c000000dYQ8AAM","a2Q3g000000TPEnEAO"
"a2y8c000001aL8pAAE","0058c00000BxeO9AAJ","false","OR-000181","2023-09-13T06:39:47.000Z","0058c00000BxeO9AAJ","2025-07-10T00:09:53.000Z","0058c00000BxeO9AAJ","2025-07-10T00:09:53.000Z","equal to","a308c000000dYQAAA2","a2z8c000000egNFAAY","a308c000000dYQ9AAM","a2Q3g000000TPEoEAO"
"a2y8c000001aL8qAAE","0058c00000BxeO9AAJ","false","OR-000182","2023-09-13T06:39:47.000Z","0058c00000BxeO9AAJ","2025-07-10T00:09:53.000Z","0058c00000BxeO9AAJ","2025-07-10T00:09:53.000Z","equal to","a308c000000dYRbAAM","a2z8c000000egEsAAI","a308c000000dYQ9AAM","a2Q3g000000TPEpEAO"
"a2y8c000001aL8rAAE","0058c00000BxeO9AAJ","false","OR-000183","2023-09-13T06:39:47.000Z","0058c00000BxeO9AAJ","2025-07-10T00:09:53.000Z","0058c00000BxeO9AAJ","2025-07-10T00:09:53.000Z","equal to","a308c000000dYQBAA2","a2z8c000000egNGAAY","a308c000000dYQAAA2","a2Q3g000000TPEqEAO"
"a2y8c000001aL8sAAE","0058c00000BxeO9AAJ","false","OR-000184","2023-09-13T06:39:47.000Z","0058c00000BxeO9AAJ","2025-07-10T00:09:53.000Z","0058c00000BxeO9AAJ","2025-07-10T00:09:53.000Z","equal to","a308c000000dYRbAAM","a2z8c000000egEtAAI","a308c000000dYQAAA2","a2Q3g000000TPErEAO"
"a2y8c000001aL8tAAE","0058c00000BxeO9AAJ","false","OR-000185","2023-09-13T06:39:47.000Z","0058c00000BxeO9AAJ","2025-07-10T00:09:53.000Z","0058c00000BxeO9AAJ","2025-07-10T00:09:53.000Z","equal to","a308c000000dYQCAA2","a2z8c000000egNHAAY","a308c000000dYQBAA2","a2Q3g000000TPEsEAO"
"a2y8c000001aL8uAAE","0058c00000BxeO9AAJ","false","OR-000186","2023-09-13T06:39:47.000Z","0058c00000BxeO9AAJ","2025-07-10T00:09:53.000Z","0058c00000BxeO9AAJ","2025-07-10T00:09:53.000Z","equal to","a308c000000dYRbAAM","a2z8c000000egEuAAI","a308c000000dYQBAA2","a2Q3g000000TPEtEAO"
"a2y8c000001aL8vAAE","0058c00000BxeO9AAJ","false","OR-000187","2023-09-13T06:39:47.000Z","0058c00000BxeO9AAJ","2025-07-10T00:09:53.000Z","0058c00000BxeO9AAJ","2025-07-10T00:09:53.000Z","equal to","a308c000000dYRRAA2","a2z8c000000egEAAAY","a308c000000dYRSAA2","a2Q3g000000TPEuEAO"
"a2y8c000001aL8wAAE","0058c00000BxeO9AAJ","false","OR-000188","2023-09-13T06:39:47.000Z","0058c00000BxeO9AAJ","2025-07-10T00:09:53.000Z","0058c00000BxeO9AAJ","2025-07-10T00:09:53.000Z","equal to","a308c000000dYRNAA2","a2z8c000000egEvAAI","a308c000000dYQkAAM","a2Q3g000000TPEvEAO"
"a2y8c000001aL8xAAE","0058c00000BxeO9AAJ","false","OR-000189","2023-09-13T06:39:47.000Z","0058c00000BxeO9AAJ","2025-07-10T00:09:53.000Z","0058c00000BxeO9AAJ","2025-07-10T00:09:53.000Z","equal to","a308c000000dYRLAA2","a2z8c000000egEvAAI","a308c000000dYQkAAM","a2Q3g000000TPEwEAO"
"a2y8c000001aL8yAAE","0058c00000BxeO9AAJ","false","OR-000190","2023-09-13T06:39:47.000Z","0058c00000BxeO9AAJ","2025-07-10T00:09:53.000Z","0058c00000BxeO9AAJ","2025-07-10T00:09:53.000Z","equal to","a308c000000dYRMAA2","a2z8c000000egEvAAI","a308c000000dYQkAAM","a2Q3g000000TPExEAO"
"a2y8c000001aL8zAAE","0058c00000BxeO9AAJ","false","OR-000191","2023-09-13T06:39:47.000Z","0058c00000BxeO9AAJ","2025-07-10T00:09:53.000Z","0058c00000BxeO9AAJ","2025-07-10T00:09:53.000Z","equal to","a308c000000dYROAA2","a2z8c000000egEvAAI","a308c000000dYQkAAM","a2Q3g000000TPEyEAO"
"a2y8c000001aL90AAE","0058c00000BxeO9AAJ","false","OR-000192","2023-09-13T06:39:47.000Z","0058c00000BxeO9AAJ","2025-07-10T00:09:53.000Z","0058c00000BxeO9AAJ","2025-07-10T00:09:53.000Z","equal to","a308c000000dYRPAA2","a2z8c000000egEvAAI","a308c000000dYQkAAM","a2Q3g000000TPEzEAO"
"a2y8c000001aL91AAE","0058c00000BxeO9AAJ","false","OR-000193","2023-09-13T06:39:47.000Z","0058c00000BxeO9AAJ","2025-07-10T00:09:53.000Z","0058c00000BxeO9AAJ","2025-07-10T00:09:53.000Z","equal to","a308c000000dYQSAA2","a2z8c000000egNOAAY","a308c000000dYQIAA2","a2Q3g000000TPF0EAO"
"a2y8c000001aL92AAE","0058c00000BxeO9AAJ","false","OR-000194","2023-09-13T06:39:47.000Z","0058c00000BxeO9AAJ","2025-07-10T00:09:53.000Z","0058c00000BxeO9AAJ","2025-07-10T00:09:53.000Z","equal to","a308c000000dYQRAA2","a2z8c000000egNOAAY","a308c000000dYQIAA2","a2Q3g000000TPF1EAO"
"a2y8c000001aL93AAE","0058c00000BxeO9AAJ","false","OR-000195","2023-09-13T06:39:47.000Z","0058c00000BxeO9AAJ","2025-07-10T00:09:53.000Z","0058c00000BxeO9AAJ","2025-07-10T00:09:53.000Z","equal to","a308c000000dYQUAA2","a2z8c000000egNOAAY","a308c000000dYQIAA2","a2Q3g000000TPF2EAO"
"a2y8c000001aL94AAE","0058c00000BxeO9AAJ","false","OR-000196","2023-09-13T06:39:47.000Z","0058c00000BxeO9AAJ","2025-07-10T00:09:53.000Z","0058c00000BxeO9AAJ","2025-07-10T00:09:53.000Z","equal to","a308c000000dYQVAA2","a2z8c000000egNOAAY","a308c000000dYQIAA2","a2Q3g000000TPF3EAO"
"a2y8c000001aL95AAE","0058c00000BxeO9AAJ","false","OR-000197","2023-09-13T06:39:47.000Z","0058c00000BxeO9AAJ","2025-07-10T00:09:53.000Z","0058c00000BxeO9AAJ","2025-07-10T00:09:53.000Z","equal to","a308c000000dYQJAA2","a2z8c000000egNOAAY","a308c000000dYQIAA2","a2Q3g000000TPF4EAO"
"a2y8c000001aL96AAE","0058c00000BxeO9AAJ","false","OR-000198","2023-09-13T06:39:47.000Z","0058c00000BxeO9AAJ","2025-07-10T00:09:53.000Z","0058c00000BxeO9AAJ","2025-07-10T00:09:53.000Z","equal to","a308c000000dYQWAA2","a2z8c000000egNOAAY","a308c000000dYQIAA2","a2Q3g000000TPF5EAO"
"a2y8c000001aL97AAE","0058c00000BxeO9AAJ","false","OR-000199","2023-09-13T06:39:47.000Z","0058c00000BxeO9AAJ","2025-07-10T00:09:53.000Z","0058c00000BxeO9AAJ","2025-07-10T00:09:53.000Z","equal to","a308c000000dYQTAA2","a2z8c000000egNOAAY","a308c000000dYQIAA2","a2Q3g000000TPF6EAO"
"a2y8c000001aL98AAE","0058c00000BxeO9AAJ","false","OR-000200","2023-09-13T06:39:47.000Z","0058c00000BxeO9AAJ","2025-07-10T00:09:53.000Z","0058c00000BxeO9AAJ","2025-07-10T00:09:53.000Z","equal to","a308c000000dYRKAA2","a2z8c000000egEvAAI","a308c000000dYQkAAM","a2Q3g000000TPF7EAO"
"a2y8c000001aL99AAE","0058c00000BxeO9AAJ","false","OR-000201","2023-09-13T06:39:47.000Z","0058c00000BxeO9AAJ","2025-07-10T00:09:53.000Z","0058c00000BxeO9AAJ","2025-07-10T00:09:53.000Z","equal to","a308c000000dYQYAA2","a2z8c000000egEwAAI","a308c000000dYQXAA2","a2Q3g000000TPF8EAO"
"a2y8c000001aL9AAAU","0058c00000BxeO9AAJ","false","OR-000202","2023-09-13T06:39:47.000Z","0058c00000BxeO9AAJ","2025-07-10T00:09:53.000Z","0058c00000BxeO9AAJ","2025-07-10T00:09:53.000Z","equal to","a308c000000dYQZAA2","a2z8c000000egExAAI","a308c000000dYQYAA2","a2Q3g000000TPF9EAO"
"a2y8c000001aL9BAAU","0058c00000BxeO9AAJ","false","OR-000203","2023-09-13T06:39:47.000Z","0058c00000BxeO9AAJ","2025-07-10T00:09:53.000Z","0058c00000BxeO9AAJ","2025-07-10T00:09:53.000Z","equal to","a308c000000dYQaAAM","a2z8c000000egEyAAI","a308c000000dYQZAA2","a2Q3g000000TPFAEA4"
"a2y8c000001aL9CAAU","0058c00000BxeO9AAJ","false","OR-000204","2023-09-13T06:39:47.000Z","0058c00000BxeO9AAJ","2025-07-10T00:09:53.000Z","0058c00000BxeO9AAJ","2025-07-10T00:09:53.000Z","equal to","a308c000000dYR7AAM","a2z8c000000egOZAAY","a308c000000dYR3AAM","a2Q3g000000TPFBEA4"
"a2y8c000001aL9DAAU","0058c00000BxeO9AAJ","false","OR-000205","2023-09-13T06:39:47.000Z","0058c00000BxeO9AAJ","2025-07-10T00:09:53.000Z","0058c00000BxeO9AAJ","2025-07-10T00:09:53.000Z","equal to","a308c000000dYRcAAM","a2z8c000000egEzAAI","a308c000000dYR4AAM","a2Q3g000000TPFCEA4"
"a2y8c000001aL9EAAU","0058c00000BxeO9AAJ","false","OR-000206","2023-09-13T06:39:47.000Z","0058c00000BxeO9AAJ","2025-07-10T00:09:53.000Z","0058c00000BxeO9AAJ","2025-07-10T00:09:53.000Z","equal to","a308c000000dYR1AAM","a2z8c000000egODAAY","a308c000000dYQtAAM","a2Q3g000000TPFDEA4"
"a2y8c000001aL9FAAU","0058c00000BxeO9AAJ","false","OR-000207","2023-09-13T06:39:47.000Z","0058c00000BxeO9AAJ","2025-07-10T00:09:53.000Z","0058c00000BxeO9AAJ","2025-07-10T00:09:53.000Z","equal to","a308c000000dYR2AAM","a2z8c000000egODAAY","a308c000000dYQtAAM","a2Q3g000000TPFEEA4"
"a2y8c000001aL9GAAU","0058c00000BxeO9AAJ","false","OR-000208","2023-09-13T06:39:47.000Z","0058c00000BxeO9AAJ","2025-07-10T00:09:53.000Z","0058c00000BxeO9AAJ","2025-07-10T00:09:53.000Z","equal to","a308c000000dYRdAAM","a2z8c000000egF0AAI","a308c000000dYReAAM","a2Q3g000000TPFFEA4"
"a2y8c000001aL9HAAU","0058c00000BxeO9AAJ","false","OR-000209","2023-09-13T06:39:47.000Z","0058c00000BxeO9AAJ","2025-07-10T00:09:53.000Z","0058c00000BxeO9AAJ","2025-07-10T00:09:53.000Z","equal to","a308c000000dYRfAAM","a2z8c000000egF1AAI","a308c000000dYQqAAM","a2Q3g000000TPFGEA4"
"a2y8c000001aL9IAAU","0058c00000BxeO9AAJ","false","OR-000210","2023-09-13T06:39:47.000Z","0058c00000BxeO9AAJ","2025-07-10T00:09:53.000Z","0058c00000BxeO9AAJ","2025-07-10T00:09:53.000Z","equal to","a308c000000dYReAAM","a2z8c000000egF2AAI","a308c000000dYRfAAM","a2Q3g000000TPFHEA4"
"a2y8c000001aL9JAAU","0058c00000BxeO9AAJ","false","OR-000211","2023-09-13T06:39:47.000Z","0058c00000BxeO9AAJ","2025-07-10T00:09:53.000Z","0058c00000BxeO9AAJ","2025-07-10T00:09:53.000Z","equal to","a308c000000dYRgAAM","a2z8c000000egF3AAI","a308c000000dYQzAAM","a2Q3g000000TPFIEA4"
"a2y8c000001aL9KAAU","0058c00000BxeO9AAJ","false","OR-000212","2023-09-13T06:39:47.000Z","0058c00000BxeO9AAJ","2025-07-10T00:09:53.000Z","0058c00000BxeO9AAJ","2025-07-10T00:09:53.000Z","equal to","a308c000000dYRhAAM","a2z8c000000egNhAAI","a308c000000dYQXAA2","a2Q3g000000TPFJEA4"
"a2y8c000001aL9LAAU","0058c00000BxeO9AAJ","false","OR-000213","2023-09-13T06:39:48.000Z","0058c00000BxeO9AAJ","2025-07-10T00:09:53.000Z","0058c00000BxeO9AAJ","2025-07-10T00:09:53.000Z","equal to","a308c000000dYRhAAM","a2z8c000000egNiAAI","a308c000000dYQYAA2","a2Q3g000000TPFKEA4"
"a2y8c000001aL9MAAU","0058c00000BxeO9AAJ","false","OR-000214","2023-09-13T06:39:48.000Z","0058c00000BxeO9AAJ","2025-07-10T00:09:53.000Z","0058c00000BxeO9AAJ","2025-07-10T00:09:53.000Z","equal to","a308c000000dYRhAAM","a2z8c000000egNjAAI","a308c000000dYQZAA2","a2Q3g000000TPFLEA4"
"a2y8c000001aL9NAAU","0058c00000BxeO9AAJ","false","OR-000215","2023-09-13T06:39:48.000Z","0058c00000BxeO9AAJ","2025-07-10T00:09:53.000Z","0058c00000BxeO9AAJ","2025-07-10T00:09:53.000Z","equal to","a308c000000dYRhAAM","a2z8c000000egNkAAI","a308c000000dYQaAAM","a2Q3g000000TPFMEA4"
"a2y8c000001aL9OAAU","0058c00000BxeO9AAJ","false","OR-000216","2023-09-13T06:39:48.000Z","0058c00000BxeO9AAJ","2025-07-10T00:09:53.000Z","0058c00000BxeO9AAJ","2025-07-10T00:09:53.000Z","equal to","a308c000000dYRiAAM","a2z8c000000egF4AAI","a308c000000dYQaAAM","a2Q3g000000TPFNEA4"
"a2y8c000001aL9PAAU","0058c00000BxeO9AAJ","false","OR-000217","2023-09-13T06:39:48.000Z","0058c00000BxeO9AAJ","2025-07-10T00:09:53.000Z","0058c00000BxeO9AAJ","2025-07-10T00:09:53.000Z","equal to","a308c000000dYRFAA2","a2z8c000000egDnAAI","a308c000000dYQHAA2","a2Q3g000000TPFOEA4"
"a2y8c000001aL9QAAU","0058c00000BxeO9AAJ","false","OR-000218","2023-09-13T06:39:48.000Z","0058c00000BxeO9AAJ","2025-07-10T00:09:53.000Z","0058c00000BxeO9AAJ","2025-07-10T00:09:53.000Z","equal to","a308c000000dYRaAAM","a2z8c000000egEhAAI","a308c000000dYQeAAM","a2Q3g000000TPFPEA4"
"a2y8c000001aL9RAAU","0058c00000BxeO9AAJ","false","OR-000219","2023-09-13T06:39:48.000Z","0058c00000BxeO9AAJ","2025-07-10T00:09:53.000Z","0058c00000BxeO9AAJ","2025-07-10T00:09:53.000Z","equal to","a308c000000dYRjAAM","a2z8c000000egF5AAI","a308c000000dYQjAAM","a2Q3g000000TPFQEA4"
"a2y8c000001aL9SAAU","0058c00000BxeO9AAJ","false","OR-000220","2023-09-13T06:39:48.000Z","0058c00000BxeO9AAJ","2025-07-10T00:09:53.000Z","0058c00000BxeO9AAJ","2025-07-10T00:09:53.000Z","equal to","a308c000000dYR0AAM","a2z8c000000egO4AAI","a308c000000dYQbAAM","a2Q3g000000TPFSEA4"
"a2y8c000001aL9TAAU","0058c00000BxeO9AAJ","false","OR-000221","2023-09-13T06:39:48.000Z","0058c00000BxeO9AAJ","2025-07-10T00:09:53.000Z","0058c00000BxeO9AAJ","2025-07-10T00:09:53.000Z","not equal to","a308c000000dYRNAA2","a2z8c000000egF6AAI","a308c000000dYRKAA2","a2Q3g000000TPFTEA4"
"a2y8c000001aL9UAAU","0058c00000BxeO9AAJ","false","OR-000222","2023-09-13T06:39:48.000Z","0058c00000BxeO9AAJ","2025-07-10T00:09:53.000Z","0058c00000BxeO9AAJ","2025-07-10T00:09:53.000Z","equal to","a308c000000dYRRAA2","a2z8c000000egE8AAI","a308c000000dYRAAA2","a2Q3g000000TPFUEA4"
"a2y8c000001aL9VAAU","0058c00000BxeO9AAJ","false","OR-000223","2023-09-13T06:39:48.000Z","0058c00000BxeO9AAJ","2025-07-10T00:09:53.000Z","0058c00000BxeO9AAJ","2025-07-10T00:09:53.000Z","equal to","a308c000000dYRSAA2","a2z8c000000egE8AAI","a308c000000dYRAAA2","a2Q3g000000TPFVEA4"
"a2y8c000001aL9WAAU","0058c00000BxeO9AAJ","false","OR-000224","2023-09-13T06:39:48.000Z","0058c00000BxeO9AAJ","2025-07-10T00:09:53.000Z","0058c00000BxeO9AAJ","2025-07-10T00:09:53.000Z","equal to","a308c000000dYRkAAM","a2z8c000000egF7AAI","a308c000000dYQKAA2","a2Q3g000000TPFWEA4"
"a2y8c000001aL9XAAU","0058c00000BxeO9AAJ","false","OR-000225","2023-09-13T06:39:48.000Z","0058c00000BxeO9AAJ","2025-07-10T00:09:53.000Z","0058c00000BxeO9AAJ","2025-07-10T00:09:53.000Z","equal to","a308c000000dYRkAAM","a2z8c000000egNRAAY","a308c000000dYQLAA2","a2Q3g000000TPFXEA4"
"a2y8c000001aL9YAAU","0058c00000BxeO9AAJ","false","OR-000226","2023-09-13T06:39:48.000Z","0058c00000BxeO9AAJ","2025-07-10T00:09:53.000Z","0058c00000BxeO9AAJ","2025-07-10T00:09:53.000Z","equal to","a308c000000dYRkAAM","a2z8c000000egF8AAI","a308c000000dYQMAA2","a2Q3g000000TPFYEA4"
"a2y8c000001aL9ZAAU","0058c00000BxeO9AAJ","false","OR-000227","2023-09-13T06:39:48.000Z","0058c00000BxeO9AAJ","2025-07-10T00:09:53.000Z","0058c00000BxeO9AAJ","2025-07-10T00:09:53.000Z","equal to","a308c000000dYRkAAM","a2z8c000000egF9AAI","a308c000000dYRlAAM","a2Q3g000000TPFZEA4"
"a2y8c000001aL9aAAE","0058c00000BxeO9AAJ","false","OR-000228","2023-09-13T06:39:48.000Z","0058c00000BxeO9AAJ","2025-07-10T00:09:53.000Z","0058c00000BxeO9AAJ","2025-07-10T00:09:53.000Z","equal to","a308c000000dYRUAA2","a2z8c000000egEBAAY","a308c000000dYRTAA2","a2Q3g000000TPFaEAO"
"a2y8c000001aL9bAAE","0058c00000BxeO9AAJ","false","OR-000229","2023-09-13T06:39:48.000Z","0058c00000BxeO9AAJ","2025-07-10T00:09:53.000Z","0058c00000BxeO9AAJ","2025-07-10T00:09:53.000Z","equal to","a308c000000dYRVAA2","a2z8c000000egECAAY","a308c000000dYRUAA2","a2Q3g000000TPFbEAO"
"a2y8c000001aL9cAAE","0058c00000BxeO9AAJ","false","OR-000230","2023-09-13T06:39:48.000Z","0058c00000BxeO9AAJ","2025-07-10T00:09:53.000Z","0058c00000BxeO9AAJ","2025-07-10T00:09:53.000Z","equal to","a308c000000dYRWAA2","a2z8c000000egEDAAY","a308c000000dYRVAA2","a2Q3g000000TPFcEAO"
"a2y8c000001aL9dAAE","0058c00000BxeO9AAJ","false","OR-000231","2023-09-13T06:39:48.000Z","0058c00000BxeO9AAJ","2025-07-10T00:09:53.000Z","0058c00000BxeO9AAJ","2025-07-10T00:09:53.000Z","equal to","a308c000000dYRXAA2","a2z8c000000egEEAAY","a308c000000dYRWAA2","a2Q3g000000TPFdEAO"
"a2y8c000001aL9eAAE","0058c00000BxeO9AAJ","false","OR-000232","2023-09-13T06:39:48.000Z","0058c00000BxeO9AAJ","2025-07-10T00:09:53.000Z","0058c00000BxeO9AAJ","2025-07-10T00:09:53.000Z","equal to","a308c000000dYRmAAM","a2z8c000000egFAAAY","a308c000000dYRTAA2","a2Q3g000000TPFeEAO"
"a2y8c000001aL9fAAE","0058c00000BxeO9AAJ","false","OR-000233","2023-09-13T06:39:48.000Z","0058c00000BxeO9AAJ","2025-07-10T00:09:53.000Z","0058c00000BxeO9AAJ","2025-07-10T00:09:53.000Z","equal to","a308c000000dYRmAAM","a2z8c000000egFBAAY","a308c000000dYRTAA2","a2Q3g000000TPFfEAO"
"a2y8c000001aL9gAAE","0058c00000BxeO9AAJ","false","OR-000234","2023-09-13T06:39:48.000Z","0058c00000BxeO9AAJ","2025-07-10T00:09:53.000Z","0058c00000BxeO9AAJ","2025-07-10T00:09:53.000Z","equal to","a308c000000dYRmAAM","a2z8c000000egFCAAY","a308c000000dYRTAA2","a2Q3g000000TPFgEAO"
"a2y8c000001aL9hAAE","0058c00000BxeO9AAJ","false","OR-000235","2023-09-13T06:39:48.000Z","0058c00000BxeO9AAJ","2025-07-10T00:09:53.000Z","0058c00000BxeO9AAJ","2025-07-10T00:09:53.000Z","equal to","a308c000000dYRmAAM","a2z8c000000egFDAAY","a308c000000dYRUAA2","a2Q3g000000TPFhEAO"
"a2y8c000001aL9iAAE","0058c00000BxeO9AAJ","false","OR-000236","2023-09-13T06:39:48.000Z","0058c00000BxeO9AAJ","2025-07-10T00:09:53.000Z","0058c00000BxeO9AAJ","2025-07-10T00:09:53.000Z","equal to","a308c000000dYRmAAM","a2z8c000000egFEAAY","a308c000000dYRVAA2","a2Q3g000000TPFiEAO"
"a2y8c000001aL9jAAE","0058c00000BxeO9AAJ","false","OR-000237","2023-09-13T06:39:48.000Z","0058c00000BxeO9AAJ","2025-07-10T00:09:53.000Z","0058c00000BxeO9AAJ","2025-07-10T00:09:53.000Z","equal to","a308c000000dYRmAAM","a2z8c000000egFFAAY","a308c000000dYRWAA2","a2Q3g000000TPFjEAO"
"a2y8c000001aL9kAAE","0058c00000BxeO9AAJ","false","OR-000238","2023-09-13T06:39:48.000Z","0058c00000BxeO9AAJ","2025-07-10T00:09:53.000Z","0058c00000BxeO9AAJ","2025-07-10T00:09:53.000Z","equal to","a308c000000dYRmAAM","a2z8c000000egFGAAY","a308c000000dYRXAA2","a2Q3g000000TPFkEAO"
"a2y8c000001aL9lAAE","0058c00000BxeO9AAJ","false","OR-000239","2023-09-13T06:39:48.000Z","0058c00000BxeO9AAJ","2025-07-10T00:09:53.000Z","0058c00000BxeO9AAJ","2025-07-10T00:09:53.000Z","equal to","a308c000000dYRYAA2","a2z8c000000egEFAAY","a308c000000dYRXAA2","a2Q3g000000TPFlEAO"
"a2y8c000001aL9mAAE","0058c00000BxeO9AAJ","false","OR-000240","2023-09-13T06:39:48.000Z","0058c00000BxeO9AAJ","2025-07-10T00:09:53.000Z","0058c00000BxeO9AAJ","2025-07-10T00:09:53.000Z","equal to","a308c000000dYQMAA2","a2z8c000000egNQAAY","a308c000000dYQKAA2","a2Q3g000000TPFmEAO"
"a2y8c000001aL9nAAE","0058c00000BxeO9AAJ","false","OR-000241","2023-09-13T06:39:48.000Z","0058c00000BxeO9AAJ","2025-07-10T00:09:53.000Z","0058c00000BxeO9AAJ","2025-07-10T00:09:53.000Z","equal to","a308c000000dYQLAA2","a2z8c000000egNSAAY","a308c000000dYQMAA2","a2Q3g000000TPFnEAO"
"a2y8c000001aL9oAAE","0058c00000BxeO9AAJ","false","OR-000242","2023-09-13T06:39:48.000Z","0058c00000BxeO9AAJ","2025-07-10T00:09:53.000Z","0058c00000BxeO9AAJ","2025-07-10T00:09:53.000Z","equal to","a308c000000dYRlAAM","a2z8c000000egFHAAY","a308c000000dYQLAA2","a2Q3g000000TPFoEAO"
"a2y8c000001aL9pAAE","0058c00000BxeO9AAJ","false","OR-000243","2023-09-13T06:39:48.000Z","0058c00000BxeO9AAJ","2025-07-10T00:09:53.000Z","0058c00000BxeO9AAJ","2025-07-10T00:09:53.000Z","equal to","a308c000000dYRnAAM","a2z8c000000egFIAAY","a308c000000dYRlAAM","a2Q3g000000TPFpEAO"
"a2y8c000001aL9qAAE","0058c00000BxeO9AAJ","false","OR-000244","2023-09-13T06:39:48.000Z","0058c00000BxeO9AAJ","2025-07-10T00:09:53.000Z","0058c00000BxeO9AAJ","2025-07-10T00:09:53.000Z","equal to","a308c000000dYQNAA2","a2z8c000000egF7AAI","a308c000000dYQKAA2","a2Q3g000000TPFqEAO"
"a2y8c000001aL9rAAE","0058c00000BxeO9AAJ","false","OR-000245","2023-09-13T06:39:48.000Z","0058c00000BxeO9AAJ","2025-07-10T00:09:53.000Z","0058c00000BxeO9AAJ","2025-07-10T00:09:53.000Z","equal to","a308c000000dYQNAA2","a2z8c000000egNRAAY","a308c000000dYQLAA2","a2Q3g000000TPFrEAO"
"a2y8c000001aL9sAAE","0058c00000BxeO9AAJ","false","OR-000246","2023-09-13T06:39:48.000Z","0058c00000BxeO9AAJ","2025-07-10T00:09:53.000Z","0058c00000BxeO9AAJ","2025-07-10T00:09:53.000Z","equal to","a308c000000dYQNAA2","a2z8c000000egF9AAI","a308c000000dYRlAAM","a2Q3g000000TPFsEAO"
"a2y8c000001aL9tAAE","0058c00000BxeO9AAJ","false","OR-000247","2023-09-13T06:39:48.000Z","0058c00000BxeO9AAJ","2025-07-10T00:09:53.000Z","0058c00000BxeO9AAJ","2025-07-10T00:09:53.000Z","equal to","a308c000000dYQNAA2","a2z8c000000egF8AAI","a308c000000dYQMAA2","a2Q3g000000TPFtEAO"
"a2y8c000001aL9uAAE","0058c00000BxeO9AAJ","false","OR-000248","2023-09-13T06:39:48.000Z","0058c00000BxeO9AAJ","2025-07-10T00:09:53.000Z","0058c00000BxeO9AAJ","2025-07-10T00:09:53.000Z","equal to","a308c000000dYS6AAM","a2z8c000000egOqAAI","a308c000000dYS4AAM","a2y4S0000004IPcQAM"
"a2y8c000001aL9vAAE","0058c00000BxeO9AAJ","false","OR-000249","2023-09-13T06:39:48.000Z","0058c00000BxeO9AAJ","2025-07-10T00:09:53.000Z","0058c00000BxeO9AAJ","2025-07-10T00:09:53.000Z","equal to","a308c000000dYSjAAM","a2z8c000000egOvAAI","a308c000000dYSGAA2","a2y4S0000004IPdQAM"
"a2y8c000001aL9wAAE","0058c00000BxeO9AAJ","false","OR-000250","2023-09-13T06:39:48.000Z","0058c00000BxeO9AAJ","2025-07-10T00:09:53.000Z","0058c00000BxeO9AAJ","2025-07-10T00:09:53.000Z","equal to","a308c000000dYShAAM","a2z8c000000egP9AAI","a308c000000dYSGAA2","a2y4S0000004IPeQAM"
"a2y8c000001aL9xAAE","0058c00000BxeO9AAJ","false","OR-000251","2023-09-13T06:39:48.000Z","0058c00000BxeO9AAJ","2025-07-10T00:09:53.000Z","0058c00000BxeO9AAJ","2025-07-10T00:09:53.000Z","equal to","a308c000000dYSjAAM","a2z8c000000egPCAAY","a308c000000dYSgAAM","a2y4S0000004IPfQAM"
"a2y8c000001aL9yAAE","0058c00000BxeO9AAJ","false","OR-000252","2023-09-13T06:39:48.000Z","0058c00000BxeO9AAJ","2025-07-10T00:09:53.000Z","0058c00000BxeO9AAJ","2025-07-10T00:09:53.000Z","equal to","a308c000000dYSjAAM","a2z8c000000egPAAAY","a308c000000dYSfAAM","a2y4S0000004IPgQAM"
"a2y8c000001aL9zAAE","0058c00000BxeO9AAJ","false","OR-000253","2023-09-13T06:39:48.000Z","0058c00000BxeO9AAJ","2025-07-10T00:09:53.000Z","0058c00000BxeO9AAJ","2025-07-10T00:09:53.000Z","equal to","a308c000000dYSgAAM","a2z8c000000egPBAAY","a308c000000dYSfAAM","a2y4S0000004IPhQAM"
"a2y8c000001aLA0AAM","0058c00000BxeO9AAJ","false","OR-000254","2023-09-13T06:39:48.000Z","0058c00000BxeO9AAJ","2025-07-10T00:09:53.000Z","0058c00000BxeO9AAJ","2025-07-10T00:09:53.000Z","equal to","a308c000000dYSiAAM","a2z8c000000egPDAAY","a308c000000dYSgAAM","a2y4S0000004IPiQAM"
"a2y8c000001aLA1AAM","0058c00000BxeO9AAJ","false","OR-000255","2023-09-13T06:39:48.000Z","0058c00000BxeO9AAJ","2025-07-10T00:09:53.000Z","0058c00000BxeO9AAJ","2025-07-10T00:09:53.000Z","equal to","a308c000000dYSjAAM","a2z8c000000egPEAAY","a308c000000dYShAAM","a2y4S0000004IPjQAM"
"a2y8c000001aLA2AAM","0058c00000BxeO9AAJ","false","OR-000256","2023-09-13T06:39:48.000Z","0058c00000BxeO9AAJ","2025-07-10T00:09:53.000Z","0058c00000BxeO9AAJ","2025-07-10T00:09:53.000Z","equal to","a308c000000dYSfAAM","a2z8c000000egPFAAY","a308c000000dYShAAM","a2y4S0000004IPkQAM"
"a2y8c000001aLA3AAM","0058c00000BxeO9AAJ","false","OR-000257","2023-09-13T06:39:48.000Z","0058c00000BxeO9AAJ","2025-07-10T00:09:53.000Z","0058c00000BxeO9AAJ","2025-07-10T00:09:53.000Z","equal to","a308c000000dYSkAAM","a2z8c000000egPGAAY","a308c000000dYSOAA2","a2y4S0000004IPlQAM"
"a2y8c000001aLA4AAM","0058c00000BxeO9AAJ","false","OR-000258","2023-09-13T06:39:48.000Z","0058c00000BxeO9AAJ","2025-07-10T00:09:53.000Z","0058c00000BxeO9AAJ","2025-07-10T00:09:53.000Z","equal to","a308c000000dYSkAAM","a2z8c000000egPHAAY","a308c000000dYSOAA2","a2y4S0000004IPmQAM"
"a2y8c000001aLA5AAM","0058c00000BxeO9AAJ","false","OR-000259","2023-09-13T06:39:48.000Z","0058c00000BxeO9AAJ","2025-07-10T00:09:53.000Z","0058c00000BxeO9AAJ","2025-07-10T00:09:53.000Z","equal to","a308c000000dYSkAAM","a2z8c000000egPIAAY","a308c000000dYSOAA2","a2y4S0000004IPnQAM"
"a2y8c000001aLA6AAM","0058c00000BxeO9AAJ","false","OR-000260","2023-09-13T06:39:48.000Z","0058c00000BxeO9AAJ","2025-07-10T00:09:53.000Z","0058c00000BxeO9AAJ","2025-07-10T00:09:53.000Z","equal to","a308c000000dYSPAA2","a2z8c000000egP1AAI","a308c000000dYSOAA2","a2y4S0000004IPoQAM"
"a2y8c000001aLA7AAM","0058c00000BxeO9AAJ","false","OR-000261","2023-09-13T06:39:48.000Z","0058c00000BxeO9AAJ","2025-07-10T00:09:53.000Z","0058c00000BxeO9AAJ","2025-07-10T00:09:53.000Z","equal to","a308c000000dYSkAAM","a2z8c000000egPJAAY","a308c000000dYSPAA2","a2y4S0000004IPpQAM"
"a2y8c000001aLA8AAM","0058c00000BxeO9AAJ","false","OR-000262","2023-09-13T06:39:48.000Z","0058c00000BxeO9AAJ","2025-07-10T00:09:53.000Z","0058c00000BxeO9AAJ","2025-07-10T00:09:53.000Z","equal to","a308c000000dYSQAA2","a2z8c000000egP2AAI","a308c000000dYSPAA2","a2y4S0000004IPqQAM"
"a2y8c000001aLA9AAM","0058c00000BxeO9AAJ","false","OR-000263","2023-09-13T06:39:48.000Z","0058c00000BxeO9AAJ","2025-07-10T00:09:53.000Z","0058c00000BxeO9AAJ","2025-07-10T00:09:53.000Z","equal to","a308c000000dYSkAAM","a2z8c000000egPKAAY","a308c000000dYSQAA2","a2y4S0000004IPrQAM"
"a2y8c000001aLAAAA2","0058c00000BxeO9AAJ","false","OR-000264","2023-09-13T06:39:48.000Z","0058c00000BxeO9AAJ","2025-07-10T00:09:53.000Z","0058c00000BxeO9AAJ","2025-07-10T00:09:53.000Z","equal to","a308c000000dYSRAA2","a2z8c000000egP3AAI","a308c000000dYSQAA2","a2y4S0000004IPsQAM"
"a2y8c000001aLABAA2","0058c00000BxeO9AAJ","false","OR-000265","2023-09-13T06:39:48.000Z","0058c00000BxeO9AAJ","2025-07-10T00:09:53.000Z","0058c00000BxeO9AAJ","2025-07-10T00:09:53.000Z","equal to","a308c000000dYSkAAM","a2z8c000000egPMAAY","a308c000000dYSRAA2","a2y4S0000004IPtQAM"
"a2y8c000001aLACAA2","0058c00000BxeO9AAJ","false","OR-000266","2023-09-13T06:39:48.000Z","0058c00000BxeO9AAJ","2025-07-10T00:09:53.000Z","0058c00000BxeO9AAJ","2025-07-10T00:09:53.000Z","equal to","a308c000000dYSSAA2","a2z8c000000egP4AAI","a308c000000dYSRAA2","a2y4S0000004IPuQAM"
"a2y8c000001aLADAA2","0058c00000BxeO9AAJ","false","OR-000267","2023-09-13T06:39:48.000Z","0058c00000BxeO9AAJ","2025-07-10T00:09:53.000Z","0058c00000BxeO9AAJ","2025-07-10T00:09:53.000Z","equal to","a308c000000dYSkAAM","a2z8c000000egPLAAY","a308c000000dYSSAA2","a2y4S0000004IPvQAM"
"a2y8c000001aLAEAA2","0058c00000BxeO9AAJ","false","OR-000268","2023-09-13T06:39:48.000Z","0058c00000BxeO9AAJ","2025-07-10T00:09:53.000Z","0058c00000BxeO9AAJ","2025-07-10T00:09:53.000Z","equal to","a308c000000dYSTAA2","a2z8c000000egP5AAI","a308c000000dYSSAA2","a2y4S0000004IPwQAM"
"a2y8c000001aLAFAA2","0058c00000BxeO9AAJ","false","OR-000269","2023-09-13T06:39:48.000Z","0058c00000BxeO9AAJ","2025-07-10T00:09:53.000Z","0058c00000BxeO9AAJ","2025-07-10T00:09:53.000Z","equal to","a308c000000dYSlAAM","a2z8c000000egPNAAY","a308c000000dYSIAA2","a2y4S0000004IPxQAM"
"a2y8c000001aLAGAA2","0058c00000BxeO9AAJ","false","OR-000270","2023-09-13T06:39:48.000Z","0058c00000BxeO9AAJ","2025-07-10T00:09:53.000Z","0058c00000BxeO9AAJ","2025-07-10T00:09:53.000Z","equal to","a308c000000dYSJAA2","a2z8c000000egOwAAI","a308c000000dYSIAA2","a2y4S0000004IPyQAM"
"a2y8c000001aLAHAA2","0058c00000BxeO9AAJ","false","OR-000271","2023-09-13T06:39:48.000Z","0058c00000BxeO9AAJ","2025-07-10T00:09:53.000Z","0058c00000BxeO9AAJ","2025-07-10T00:09:53.000Z","equal to","a308c000000dYSlAAM","a2z8c000000egPOAAY","a308c000000dYSJAA2","a2y4S0000004IPzQAM"
"a2y8c000001aLAIAA2","0058c00000BxeO9AAJ","false","OR-000272","2023-09-13T06:39:48.000Z","0058c00000BxeO9AAJ","2025-07-10T00:09:53.000Z","0058c00000BxeO9AAJ","2025-07-10T00:09:53.000Z","equal to","a308c000000dYSKAA2","a2z8c000000egOxAAI","a308c000000dYSJAA2","a2y4S0000004IQ0QAM"
"a2y8c000001aLAJAA2","0058c00000BxeO9AAJ","false","OR-000273","2023-09-13T06:39:48.000Z","0058c00000BxeO9AAJ","2025-07-10T00:09:53.000Z","0058c00000BxeO9AAJ","2025-07-10T00:09:53.000Z","equal to","a308c000000dYSLAA2","a2z8c000000egOyAAI","a308c000000dYSKAA2","a2y4S0000004IQ1QAM"
"a2y8c000001aLAKAA2","0058c00000BxeO9AAJ","false","OR-000274","2023-09-13T06:39:48.000Z","0058c00000BxeO9AAJ","2025-07-10T00:09:53.000Z","0058c00000BxeO9AAJ","2025-07-10T00:09:53.000Z","equal to","a308c000000dYSlAAM","a2z8c000000egPPAAY","a308c000000dYSKAA2","a2y4S0000004IQ2QAM"
"a2y8c000001aLALAA2","0058c00000BxeO9AAJ","false","OR-000275","2023-09-13T06:39:48.000Z","0058c00000BxeO9AAJ","2025-07-10T00:09:53.000Z","0058c00000BxeO9AAJ","2025-07-10T00:09:53.000Z","equal to","a308c000000dYSMAA2","a2z8c000000egOzAAI","a308c000000dYSLAA2","a2y4S0000004IQ3QAM"
"a2y8c000001aLAMAA2","0058c00000BxeO9AAJ","false","OR-000276","2023-09-13T06:39:48.000Z","0058c00000BxeO9AAJ","2025-07-10T00:09:53.000Z","0058c00000BxeO9AAJ","2025-07-10T00:09:53.000Z","equal to","a308c000000dYSlAAM","a2z8c000000egPQAAY","a308c000000dYSLAA2","a2y4S0000004IQ4QAM"
"a2y8c000001aLANAA2","0058c00000BxeO9AAJ","false","OR-000277","2023-09-13T06:39:48.000Z","0058c00000BxeO9AAJ","2025-07-10T00:09:53.000Z","0058c00000BxeO9AAJ","2025-07-10T00:09:53.000Z","equal to","a308c000000dYSlAAM","a2z8c000000egPRAAY","a308c000000dYSMAA2","a2y4S0000004IQ5QAM"
"a2y8c000001aLAOAA2","0058c00000BxeO9AAJ","false","OR-000278","2023-09-13T06:39:48.000Z","0058c00000BxeO9AAJ","2025-07-10T00:09:53.000Z","0058c00000BxeO9AAJ","2025-07-10T00:09:53.000Z","equal to","a308c000000dYSDAA2","a2z8c000000egOpAAI","a308c000000dYS4AAM","a2y4S0000004IQ6QAM"
"a2y8c000001aLAPAA2","0058c00000BxeO9AAJ","false","OR-000279","2023-09-13T06:39:48.000Z","0058c00000BxeO9AAJ","2025-07-10T00:09:53.000Z","0058c00000BxeO9AAJ","2025-07-10T00:09:53.000Z","equal to","a308c000000dYSDAA2","a2z8c000000egP7AAI","a308c000000dYS6AAM","a2y4S0000004IQ7QAM"
"a2y8c000001aLAQAA2","0058c00000BxeO9AAJ","false","OR-000280","2023-09-13T06:39:48.000Z","0058c00000BxeO9AAJ","2025-07-10T00:09:53.000Z","0058c00000BxeO9AAJ","2025-07-10T00:09:53.000Z","equal to","a308c000000dYSDAA2","a2z8c000000egP8AAI","a308c000000dYS8AAM","a2y4S0000004IQ8QAM"
"a2y8c000001aLARAA2","0058c00000BxeO9AAJ","false","OR-000281","2023-09-13T06:39:48.000Z","0058c00000BxeO9AAJ","2025-07-10T00:09:53.000Z","0058c00000BxeO9AAJ","2025-07-10T00:09:53.000Z","equal to","a308c000000dYSeAAM","a2z8c000000egOrAAI","a308c000000dYS8AAM","a2y4S0000004IQ9QAM"
"a2y8c000001aLASAA2","0058c00000BxeO9AAJ","false","OR-000282","2023-09-13T06:39:48.000Z","0058c00000BxeO9AAJ","2025-07-10T00:09:53.000Z","0058c00000BxeO9AAJ","2025-07-10T00:09:53.000Z","equal to","a308c000000dYSEAA2","a2z8c000000egOsAAI","a308c000000dYSAAA2","a2y4S0000004IQAQA2"
"a2y8c000001aLATAA2","0058c00000BxeO9AAJ","false","OR-000283","2023-09-13T06:39:48.000Z","0058c00000BxeO9AAJ","2025-07-10T00:09:53.000Z","0058c00000BxeO9AAJ","2025-07-10T00:09:53.000Z","equal to","a308c000000dYSEAA2","a2z8c000000egOtAAI","a308c000000dYSAAA2","a2y4S0000004IQBQA2"
"a2y8c000001aLAUAA2","0058c00000BxeO9AAJ","false","OR-000284","2023-09-13T06:39:48.000Z","0058c00000BxeO9AAJ","2025-07-10T00:09:53.000Z","0058c00000BxeO9AAJ","2025-07-10T00:09:53.000Z","equal to","a308c000000dYSFAA2","a2z8c000000egOuAAI","a308c000000dYSEAA2","a2y4S0000004IQCQA2"
"a2y8c000001aLAVAA2","0058c00000BxeO9AAJ","false","OR-000285","2023-09-13T06:39:48.000Z","0058c00000BxeO9AAJ","2025-07-10T00:09:53.000Z","0058c00000BxeO9AAJ","2025-07-10T00:09:53.000Z","equal to","a308c000000dYSFAA2","a2z8c000000egP6AAI","a308c000000dYSEAA2","a2y4S0000004IQDQA2"
"a2y8c000001aLAWAA2","0058c00000BxeO9AAJ","false","OR-000286","2023-09-13T06:39:48.000Z","0058c00000BxeO9AAJ","2025-07-10T00:09:53.000Z","0058c00000BxeO9AAJ","2025-07-10T00:09:53.000Z","equal to","a308c000000dYSHAA2","a2z8c000000egOvAAI","a308c000000dYSGAA2","a2y4S0000004IQEQA2"
"a2y8c000001aLAXAA2","0058c00000BxeO9AAJ","false","OR-000287","2023-09-13T06:39:48.000Z","0058c00000BxeO9AAJ","2025-07-10T00:09:53.000Z","0058c00000BxeO9AAJ","2025-07-10T00:09:53.000Z","equal to","a308c000000dYSHAA2","a2z8c000000egPAAAY","a308c000000dYSfAAM","a2y4S0000004IQFQA2"
"a2y8c000001aLAYAA2","0058c00000BxeO9AAJ","false","OR-000288","2023-09-13T06:39:48.000Z","0058c00000BxeO9AAJ","2025-07-10T00:09:53.000Z","0058c00000BxeO9AAJ","2025-07-10T00:09:53.000Z","equal to","a308c000000dYSHAA2","a2z8c000000egPCAAY","a308c000000dYSgAAM","a2y4S0000004IQGQA2"
"a2y8c000001aLAZAA2","0058c00000BxeO9AAJ","false","OR-000289","2023-09-13T06:39:48.000Z","0058c00000BxeO9AAJ","2025-07-10T00:09:53.000Z","0058c00000BxeO9AAJ","2025-07-10T00:09:53.000Z","equal to","a308c000000dYSHAA2","a2z8c000000egPEAAY","a308c000000dYShAAM","a2y4S0000004IQHQA2"
"a2y8c000001aLAaAAM","0058c00000BxeO9AAJ","false","OR-000290","2023-09-13T06:39:48.000Z","0058c00000BxeO9AAJ","2025-07-10T00:09:53.000Z","0058c00000BxeO9AAJ","2025-07-10T00:09:53.000Z","equal to","a308c000000dYSNAA2","a2z8c000000egP0AAI","a308c000000dYSMAA2","a2y4S0000004IQIQA2"
"a2y8c000001aLAbAAM","0058c00000BxeO9AAJ","false","OR-000291","2023-09-13T06:39:48.000Z","0058c00000BxeO9AAJ","2025-07-10T00:09:53.000Z","0058c00000BxeO9AAJ","2025-07-10T00:09:53.000Z","equal to","a308c000000dYT9AAM","a2z8c000000egPSAAY","a308c000000dYT8AAM","42472669467171238"
"a2y8c000001aLAcAAM","0058c00000BxeO9AAJ","false","OR-000292","2023-09-13T06:39:48.000Z","0058c00000BxeO9AAJ","2025-07-10T00:09:53.000Z","0058c00000BxeO9AAJ","2025-07-10T00:09:53.000Z","equal to","a308c000000dYTBAA2","a2z8c000000egPTAAY","a308c000000dYTAAA2","42064026548812802"
"a2y8c000001aLAdAAM","0058c00000BxeO9AAJ","false","OR-000293","2023-09-13T06:39:48.000Z","0058c00000BxeO9AAJ","2025-07-10T00:09:53.000Z","0058c00000BxeO9AAJ","2025-07-10T00:09:53.000Z","equal to","a308c000000dYTCAA2","a2z8c000000egPTAAY","a308c000000dYTAAA2","42554915819931925"
"a2y8c000001aLAeAAM","0058c00000BxeO9AAJ","false","OR-000294","2023-09-13T06:39:48.000Z","0058c00000BxeO9AAJ","2025-07-10T00:09:53.000Z","0058c00000BxeO9AAJ","2025-07-10T00:09:53.000Z","equal to","a308c000000dYTDAA2","a2z8c000000egPUAAY","a308c000000dYTCAA2","42413896844418967"
"a2y8c000001aLAfAAM","0058c00000BxeO9AAJ","false","OR-000295","2023-09-13T06:39:48.000Z","0058c00000BxeO9AAJ","2025-07-10T00:09:53.000Z","0058c00000BxeO9AAJ","2025-07-10T00:09:53.000Z","equal to","a308c000000dYTIAA2","a2z8c000000egPVAAY","a308c000000dYTHAA2","42313234671225807"
"a2y8c000001aLAgAAM","0058c00000BxeO9AAJ","false","OR-000296","2023-09-13T06:39:48.000Z","0058c00000BxeO9AAJ","2025-07-10T00:09:53.000Z","0058c00000BxeO9AAJ","2025-07-10T00:09:53.000Z","equal to","a308c000000dYTJAA2","a2z8c000000egPVAAY","a308c000000dYTHAA2","42229084093957598"
"a2y8c000001aLAhAAM","0058c00000BxeO9AAJ","false","OR-000297","2023-09-13T06:39:48.000Z","0058c00000BxeO9AAJ","2025-07-10T00:09:53.000Z","0058c00000BxeO9AAJ","2025-07-10T00:09:53.000Z","equal to","a308c000000dYTKAA2","a2z8c000000egPVAAY","a308c000000dYTHAA2","42918585451623218"
"a2y8c000001hAWBAA2","0058c00000BxeO9AAJ","false","OR-000101","2022-03-29T14:36:02.000Z","0058c00000BxeO9AAJ","2025-07-10T00:09:53.000Z","0058c00000BxeO9AAJ","2025-07-10T00:09:53.000Z","equal to","a308c000000GIOcAAO","a2z8c000000FbLcAAK","a308c000000GIOaAAO","a2y8c000001hAXDAA2"
"a2y8c000001hAWCAA2","0058c00000BxeO9AAJ","false","OR-000110","2022-03-29T14:36:02.000Z","0058c00000BxeO9AAJ","2025-07-10T00:09:53.000Z","0058c00000BxeO9AAJ","2025-07-10T00:09:53.000Z","equal to","a308c000000GIP8AAO","a2z8c000000FbMMAA0","a308c000000GIOsAAO","a2y8c000001hAXEAA2"
"a2y8c000001hAWDAA2","0058c00000BxeO9AAJ","false","OR-000111","2022-03-29T14:36:02.000Z","0058c00000BxeO9AAJ","2025-07-10T00:09:53.000Z","0058c00000BxeO9AAJ","2025-07-10T00:09:53.000Z","equal to","a308c000000GIP8AAO","a2z8c000000FbMNAA0","a308c000000GIOsAAO","a2y8c000001hAXFAA2"
"a2y8c000001hAWEAA2","0058c00000BxeO9AAJ","false","OR-000112","2022-03-29T14:36:02.000Z","0058c00000BxeO9AAJ","2025-07-10T00:09:53.000Z","0058c00000BxeO9AAJ","2025-07-10T00:09:53.000Z","equal to","a308c000000GIP8AAO","a2z8c000000FbMOAA0","a308c000000GIOsAAO","a2y8c000001hAXGAA2"
"a2y8c000001hAWFAA2","0058c00000BxeO9AAJ","false","OR-000113","2022-03-29T14:36:02.000Z","0058c00000BxeO9AAJ","2025-07-10T00:09:53.000Z","0058c00000BxeO9AAJ","2025-07-10T00:09:53.000Z","equal to","a308c000000GIOtAAO","a2z8c000000FbLyAAK","a308c000000GIOsAAO","a2y8c000001hAXHAA2"
"a2y8c000001hAWGAA2","0058c00000BxeO9AAJ","false","OR-000114","2022-03-29T14:36:02.000Z","0058c00000BxeO9AAJ","2025-07-10T00:09:53.000Z","0058c00000BxeO9AAJ","2025-07-10T00:09:53.000Z","equal to","a308c000000GIP8AAO","a2z8c000000FbMPAA0","a308c000000GIOtAAO","a2y8c000001hAXIAA2"
"a2y8c000001hAWHAA2","0058c00000BxeO9AAJ","false","OR-000115","2022-03-29T14:36:02.000Z","0058c00000BxeO9AAJ","2025-07-10T00:09:53.000Z","0058c00000BxeO9AAJ","2025-07-10T00:09:53.000Z","equal to","a308c000000GIOuAAO","a2z8c000000FbLzAAK","a308c000000GIOtAAO","a2y8c000001hAXJAA2"
"a2y8c000001hAWIAA2","0058c00000BxeO9AAJ","false","OR-000116","2022-03-29T14:36:02.000Z","0058c00000BxeO9AAJ","2025-07-10T00:09:53.000Z","0058c00000BxeO9AAJ","2025-07-10T00:09:53.000Z","equal to","a308c000000GIP8AAO","a2z8c000000FbMQAA0","a308c000000GIOuAAO","a2y8c000001hAXKAA2"
"a2y8c000001hAWJAA2","0058c00000BxeO9AAJ","false","OR-000117","2022-03-29T14:36:02.000Z","0058c00000BxeO9AAJ","2025-07-10T00:09:53.000Z","0058c00000BxeO9AAJ","2025-07-10T00:09:53.000Z","equal to","a308c000000GIOVAA4","a2z8c000000FbM0AAK","a308c000000GIOuAAO","a2y8c000001hAXLAA2"
"a2y8c000001hAWKAA2","0058c00000BxeO9AAJ","false","OR-000118","2022-03-29T14:36:02.000Z","0058c00000BxeO9AAJ","2025-07-10T00:09:53.000Z","0058c00000BxeO9AAJ","2025-07-10T00:09:53.000Z","equal to","a308c000000GIP8AAO","a2z8c000000FbMSAA0","a308c000000GIOVAA4","a2y8c000001hAXMAA2"
"a2y8c000001hAWLAA2","0058c00000BxeO9AAJ","false","OR-000119","2022-03-29T14:36:02.000Z","0058c00000BxeO9AAJ","2025-07-10T00:09:53.000Z","0058c00000BxeO9AAJ","2025-07-10T00:09:53.000Z","equal to","a308c000000GIOvAAO","a2z8c000000FbM1AAK","a308c000000GIOVAA4","a2y8c000001hAXNAA2"
"a2y8c000001hAWMAA2","0058c00000BxeO9AAJ","false","OR-000120","2022-03-29T14:36:02.000Z","0058c00000BxeO9AAJ","2025-07-10T00:09:53.000Z","0058c00000BxeO9AAJ","2025-07-10T00:09:53.000Z","equal to","a308c000000GIP8AAO","a2z8c000000FbMRAA0","a308c000000GIOvAAO","a2y8c000001hAXOAA2"
"a2y8c000001hAWNAA2","0058c00000BxeO9AAJ","false","OR-000121","2022-03-29T14:36:02.000Z","0058c00000BxeO9AAJ","2025-07-10T00:09:53.000Z","0058c00000BxeO9AAJ","2025-07-10T00:09:53.000Z","equal to","a308c000000GIOwAAO","a2z8c000000FbM2AAK","a308c000000GIOvAAO","a2y8c000001hAXPAA2"
"a2y8c000001hAWOAA2","0058c00000BxeO9AAJ","false","OR-000122","2022-03-29T14:36:02.000Z","0058c00000BxeO9AAJ","2025-07-10T00:09:53.000Z","0058c00000BxeO9AAJ","2025-07-10T00:09:53.000Z","equal to","a308c000000GIP9AAO","a2z8c000000FbMUAA0","a308c000000GIOmAAO","a2y8c000001hAXQAA2"
"a2y8c000001hAWPAA2","0058c00000BxeO9AAJ","false","OR-000123","2022-03-29T14:36:02.000Z","0058c00000BxeO9AAJ","2025-07-10T00:09:53.000Z","0058c00000BxeO9AAJ","2025-07-10T00:09:53.000Z","equal to","a308c000000GIOnAAO","a2z8c000000FbLsAAK","a308c000000GIOmAAO","a2y8c000001hAXRAA2"
"a2y8c000001hAWQAA2","0058c00000BxeO9AAJ","false","OR-000124","2022-03-29T14:36:02.000Z","0058c00000BxeO9AAJ","2025-07-10T00:09:53.000Z","0058c00000BxeO9AAJ","2025-07-10T00:09:53.000Z","equal to","a308c000000GIP9AAO","a2z8c000000FbMVAA0","a308c000000GIOnAAO","a2y8c000001hAXSAA2"
"a2y8c000001hAWRAA2","0058c00000BxeO9AAJ","false","OR-000125","2022-03-29T14:36:02.000Z","0058c00000BxeO9AAJ","2025-07-10T00:09:53.000Z","0058c00000BxeO9AAJ","2025-07-10T00:09:53.000Z","equal to","a308c000000GIOoAAO","a2z8c000000FbLtAAK","a308c000000GIOnAAO","a2y8c000001hAXTAA2"
"a2y8c000001hAWSAA2","0058c00000BxeO9AAJ","false","OR-000126","2022-03-29T14:36:02.000Z","0058c00000BxeO9AAJ","2025-07-10T00:09:53.000Z","0058c00000BxeO9AAJ","2025-07-10T00:09:53.000Z","equal to","a308c000000GIOpAAO","a2z8c000000FbLuAAK","a308c000000GIOoAAO","a2y8c000001hAXUAA2"
"a2y8c000001hAWTAA2","0058c00000BxeO9AAJ","false","OR-000127","2022-03-29T14:36:02.000Z","0058c00000BxeO9AAJ","2025-07-10T00:09:53.000Z","0058c00000BxeO9AAJ","2025-07-10T00:09:53.000Z","equal to","a308c000000GIP9AAO","a2z8c000000FbMWAA0","a308c000000GIOoAAO","a2y8c000001hAXVAA2"
"a2y8c000001hAWUAA2","0058c00000BxeO9AAJ","false","OR-000128","2022-03-29T14:36:02.000Z","0058c00000BxeO9AAJ","2025-07-10T00:09:53.000Z","0058c00000BxeO9AAJ","2025-07-10T00:09:53.000Z","equal to","a308c000000GIOqAAO","a2z8c000000FbLvAAK","a308c000000GIOpAAO","a2y8c000001hAXWAA2"
"a2y8c000001hAWVAA2","0058c00000BxeO9AAJ","false","OR-000129","2022-03-29T14:36:02.000Z","0058c00000BxeO9AAJ","2025-07-10T00:09:53.000Z","0058c00000BxeO9AAJ","2025-07-10T00:09:53.000Z","equal to","a308c000000GIP9AAO","a2z8c000000FbMXAA0","a308c000000GIOpAAO","a2y8c000001hAXXAA2"
"a2y8c000001hAWWAA2","0058c00000BxeO9AAJ","false","OR-000130","2022-03-29T14:36:02.000Z","0058c00000BxeO9AAJ","2025-07-10T00:09:53.000Z","0058c00000BxeO9AAJ","2025-07-10T00:09:53.000Z","equal to","a308c000000GIP9AAO","a2z8c000000FbMYAA0","a308c000000GIOqAAO","a2y8c000001hAXYAA2"
"a2y8c000001hAWXAA2","0058c00000BxeO9AAJ","false","OR-000131","2022-03-29T14:36:02.000Z","0058c00000BxeO9AAJ","2025-07-10T00:09:53.000Z","0058c00000BxeO9AAJ","2025-07-10T00:09:53.000Z","equal to","a308c000000GIOjAAO","a2z8c000000FbLaAAK","a308c000000GIOaAAO","a2y8c000001hAXZAA2"
"a2y8c000001hAWYAA2","0058c00000BxeO9AAJ","false","OR-000132","2022-03-29T14:36:02.000Z","0058c00000BxeO9AAJ","2025-07-10T00:09:53.000Z","0058c00000BxeO9AAJ","2025-07-10T00:09:53.000Z","equal to","a308c000000GIOjAAO","a2z8c000000FbM9AAK","a308c000000GIOcAAO","a2y8c000001hAXaAAM"
"a2y8c000001hAWZAA2","0058c00000BxeO9AAJ","false","OR-000133","2022-03-29T14:36:02.000Z","0058c00000BxeO9AAJ","2025-07-10T00:09:53.000Z","0058c00000BxeO9AAJ","2025-07-10T00:09:53.000Z","equal to","a308c000000GIOjAAO","a2z8c000000FbMAAA0","a308c000000GIOeAAO","a2y8c000001hAXbAAM"
"a2y8c000001hAWaAAM","0058c00000BxeO9AAJ","false","OR-000134","2022-03-29T14:36:02.000Z","0058c00000BxeO9AAJ","2025-07-10T00:09:53.000Z","0058c00000BxeO9AAJ","2025-07-10T00:09:53.000Z","equal to","a308c000000GIP7AAO","a2z8c000000FbLfAAK","a308c000000GIOeAAO","a2y8c000001hAXcAAM"
"a2y8c000001hAWbAAM","0058c00000BxeO9AAJ","false","OR-000135","2022-03-29T14:36:02.000Z","0058c00000BxeO9AAJ","2025-07-10T00:09:53.000Z","0058c00000BxeO9AAJ","2025-07-10T00:09:53.000Z","equal to","a308c000000GIOkAAO","a2z8c000000FbLhAAK","a308c000000GIOgAAO","a2y8c000001hAXdAAM"
"a2y8c000001hAWcAAM","0058c00000BxeO9AAJ","false","OR-000136","2022-03-29T14:36:02.000Z","0058c00000BxeO9AAJ","2025-07-10T00:09:53.000Z","0058c00000BxeO9AAJ","2025-07-10T00:09:53.000Z","equal to","a308c000000GIOkAAO","a2z8c000000FbLlAAK","a308c000000GIOgAAO","a2y8c000001hAXeAAM"
"a2y8c000001hAWdAAM","0058c00000BxeO9AAJ","false","OR-000137","2022-03-29T14:36:02.000Z","0058c00000BxeO9AAJ","2025-07-10T00:09:53.000Z","0058c00000BxeO9AAJ","2025-07-10T00:09:53.000Z","equal to","a308c000000GIOlAAO","a2z8c000000FbLoAAK","a308c000000GIOkAAO","a2y8c000001hAXfAAM"
"a2y8c000001hAWeAAM","0058c00000BxeO9AAJ","false","OR-000138","2022-03-29T14:36:02.000Z","0058c00000BxeO9AAJ","2025-07-10T00:09:53.000Z","0058c00000BxeO9AAJ","2025-07-10T00:09:53.000Z","equal to","a308c000000GIOlAAO","a2z8c000000FbM7AAK","a308c000000GIOkAAO","a2y8c000001hAXgAAM"
"a2y8c000001hAWfAAM","0058c00000BxeO9AAJ","false","OR-000143","2022-03-29T14:36:02.000Z","0058c00000BxeO9AAJ","2025-07-10T00:09:53.000Z","0058c00000BxeO9AAJ","2025-07-10T00:09:53.000Z","equal to","a308c000000GIOrAAO","a2z8c000000FbLwAAK","a308c000000GIOqAAO","a2y8c000001hAXhAAM"
"a2y8c000001hAWgAAM","0058c00000BxeO9AAJ","false","OR-000144","2022-03-29T14:36:02.000Z","0058c00000BxeO9AAJ","2025-07-10T00:09:53.000Z","0058c00000BxeO9AAJ","2025-07-10T00:09:53.000Z","equal to","a308c000000BgztAAC","a2z8c000000FbMfAAK","a308c000000BgzlAAC","798087243795497386"
"a2y8c000001hAWhAAM","0058c00000BxeO9AAJ","false","OR-000145","2022-03-29T14:36:02.000Z","0058c00000BxeO9AAJ","2025-07-10T00:09:53.000Z","0058c00000BxeO9AAJ","2025-07-10T00:09:53.000Z","equal to","a308c000000BgznAAC","a2z8c000000FbMfAAK","a308c000000BgzlAAC","696948244045324971"
"a2y8c000001hAWiAAM","0058c00000BxeO9AAJ","false","OR-000146","2022-03-29T14:36:02.000Z","0058c00000BxeO9AAJ","2025-07-10T00:09:53.000Z","0058c00000BxeO9AAJ","2025-07-10T00:09:53.000Z","equal to","a308c000000BgzoAAC","a2z8c000000FbMfAAK","a308c000000BgzlAAC","954304745233254588"
"a2y8c000001hAWjAAM","0058c00000BxeO9AAJ","false","OR-000147","2022-03-29T14:36:02.000Z","0058c00000BxeO9AAJ","2025-07-10T00:09:53.000Z","0058c00000BxeO9AAJ","2025-07-10T00:09:53.000Z","equal to","a308c000000BgzuAAC","a2z8c000000FbMfAAK","a308c000000BgzlAAC","996790203376396096"
"a2y8c000001hAWkAAM","0058c00000BxeO9AAJ","false","OR-000148","2022-03-29T14:36:02.000Z","0058c00000BxeO9AAJ","2025-07-10T00:09:53.000Z","0058c00000BxeO9AAJ","2025-07-10T00:09:53.000Z","equal to","a308c000000BgzvAAC","a2z8c000000FbMfAAK","a308c000000BgzlAAC","167239791704037961"
"a2y8c000001hAWlAAM","0058c00000BxeO9AAJ","false","OR-000149","2022-03-29T14:36:02.000Z","0058c00000BxeO9AAJ","2025-07-10T00:09:53.000Z","0058c00000BxeO9AAJ","2025-07-10T00:09:53.000Z","equal to","a308c000000BgzwAAC","a2z8c000000FbMfAAK","a308c000000BgzlAAC","476271547201690502"
"a2y8c000001hAWmAAM","0058c00000BxeO9AAJ","false","OR-000150","2022-03-29T14:36:02.000Z","0058c00000BxeO9AAJ","2025-07-10T00:09:53.000Z","0058c00000BxeO9AAJ","2025-07-10T00:09:53.000Z","equal to","a308c000000BgzmAAC","a2z8c000000FbMfAAK","a308c000000BgzlAAC","909295577383983993"
"a2y8c000001hAWnAAM","0058c00000BxeO9AAJ","false","OR-000151","2022-03-29T14:36:02.000Z","0058c00000BxeO9AAJ","2025-07-10T00:09:53.000Z","0058c00000BxeO9AAJ","2025-07-10T00:09:53.000Z","equal to","a308c000000BgzrAAC","a2z8c000000FbNCAA0","a308c000000BgzqAAC","679581452003245025"
"a2y8c000001hAWoAAM","0058c00000BxeO9AAJ","false","OR-000152","2022-03-29T14:36:02.000Z","0058c00000BxeO9AAJ","2025-07-10T00:09:53.000Z","0058c00000BxeO9AAJ","2025-07-10T00:09:53.000Z","equal to","a308c000000Bh00AAC","a2z8c000000FbNbAAK","a308c000000BgzfAAC","505525074955899211"
"a2y8c000001hAWpAAM","0058c00000BxeO9AAJ","false","OR-000153","2022-03-29T14:36:02.000Z","0058c00000BxeO9AAJ","2025-07-10T00:09:53.000Z","0058c00000BxeO9AAJ","2025-07-10T00:09:53.000Z","equal to","a308c000000Bh03AAC","a2z8c000000FbNbAAK","a308c000000BgzfAAC","587205368299443070"
"a2y8c000001hAWqAAM","0058c00000BxeO9AAJ","false","OR-000154","2022-03-29T14:36:02.000Z","0058c00000BxeO9AAJ","2025-07-10T00:09:53.000Z","0058c00000BxeO9AAJ","2025-07-10T00:09:53.000Z","equal to","a308c000000Bh02AAC","a2z8c000000FbNbAAK","a308c000000BgzfAAC","741645842906899069"
"a2y8c000001hAWrAAM","0058c00000BxeO9AAJ","false","OR-000155","2022-03-29T14:36:02.000Z","0058c00000BxeO9AAJ","2025-07-10T00:09:53.000Z","0058c00000BxeO9AAJ","2025-07-10T00:09:53.000Z","equal to","a308c000000Bh01AAC","a2z8c000000FbNbAAK","a308c000000BgzfAAC","337065213448562634"
"a2y8c000001hAWsAAM","0058c00000BxeO9AAJ","false","OR-000156","2022-03-29T14:36:02.000Z","0058c00000BxeO9AAJ","2025-07-10T00:09:53.000Z","0058c00000BxeO9AAJ","2025-07-10T00:09:53.000Z","equal to","a308c000000Bh04AAC","a2z8c000000FbNbAAK","a308c000000BgzfAAC","402593914880540994"
"a2y8c000001hAWtAAM","0058c00000BxeO9AAJ","false","OR-000157","2022-03-29T14:36:02.000Z","0058c00000BxeO9AAJ","2025-07-10T00:09:53.000Z","0058c00000BxeO9AAJ","2025-07-10T00:09:53.000Z","equal to","a308c000000Bh05AAC","a2z8c000000FbNbAAK","a308c000000BgzfAAC","157414416421196833"
"a2y8c000001hAWuAAM","0058c00000BxeO9AAJ","false","OR-000158","2022-03-29T14:36:02.000Z","0058c00000BxeO9AAJ","2025-07-10T00:09:53.000Z","0058c00000BxeO9AAJ","2025-07-10T00:09:53.000Z","equal to","a308c000000BgzxAAC","a2z8c000000FbNlAAK","a308c000000BgzZAAS","768343726252058932"
"a2y8c000001hAWvAAM","0058c00000BxeO9AAJ","false","OR-000159","2022-03-29T14:36:02.000Z","0058c00000BxeO9AAJ","2025-07-10T00:09:53.000Z","0058c00000BxeO9AAJ","2025-07-10T00:09:53.000Z","equal to","a308c000000BgzzAAC","a2z8c000000FbO2AAK","a308c000000BgzeAAC","369445451405573998"
"a2y8c000001hAWwAAM","0058c00000BxeO9AAJ","false","OR-000160","2022-03-29T14:36:02.000Z","0058c00000BxeO9AAJ","2025-07-10T00:09:53.000Z","0058c00000BxeO9AAJ","2025-07-10T00:09:53.000Z","not equal to","a308c000000Bh00AAC","a2z8c000000FbOHAA0","a308c000000Bh01AAC","846421204813844502"
"a2y8c000001hAWxAAM","0058c00000BxeO9AAJ","false","OR-000161","2022-03-29T14:36:02.000Z","0058c00000BxeO9AAJ","2025-07-10T00:09:53.000Z","0058c00000BxeO9AAJ","2025-07-10T00:09:53.000Z","equal to","a308c000000GIPYAA4","a2z8c000000FbLqAAK","a308c000000GIPSAA4","a2y8c000001hAXiAAM"
"a2y8c000001hAWyAAM","0058c00000BxeO9AAJ","false","OR-000162","2022-03-29T14:36:02.000Z","0058c00000BxeO9AAJ","2025-07-10T00:09:53.000Z","0058c00000BxeO9AAJ","2025-07-10T00:09:53.000Z","equal to","a308c000000GIPWAA4","a2z8c000000FbMDAA0","a308c000000GIPSAA4","a2y8c000001hAXjAAM"
"a2y8c000001hAWzAAM","0058c00000BxeO9AAJ","false","OR-000163","2022-03-29T14:36:02.000Z","0058c00000BxeO9AAJ","2025-07-10T00:09:53.000Z","0058c00000BxeO9AAJ","2025-07-10T00:09:53.000Z","equal to","a308c000000GIPYAA4","a2z8c000000FbMGAA0","a308c000000GIPVAA4","a2y8c000001hAXkAAM"
"a2y8c000001hAX0AAM","0058c00000BxeO9AAJ","false","OR-000164","2022-03-29T14:36:02.000Z","0058c00000BxeO9AAJ","2025-07-10T00:09:53.000Z","0058c00000BxeO9AAJ","2025-07-10T00:09:53.000Z","equal to","a308c000000GIPYAA4","a2z8c000000FbMEAA0","a308c000000GIPUAA4","a2y8c000001hAXlAAM"
"a2y8c000001hAX1AAM","0058c00000BxeO9AAJ","false","OR-000165","2022-03-29T14:36:02.000Z","0058c00000BxeO9AAJ","2025-07-10T00:09:53.000Z","0058c00000BxeO9AAJ","2025-07-10T00:09:53.000Z","equal to","a308c000000GIPVAA4","a2z8c000000FbMFAA0","a308c000000GIPUAA4","a2y8c000001hAXmAAM"
"a2y8c000001hAX2AAM","0058c00000BxeO9AAJ","false","OR-000166","2022-03-29T14:36:02.000Z","0058c00000BxeO9AAJ","2025-07-10T00:09:53.000Z","0058c00000BxeO9AAJ","2025-07-10T00:09:53.000Z","equal to","a308c000000GIPXAA4","a2z8c000000FbMHAA0","a308c000000GIPVAA4","a2y8c000001hAXnAAM"
"a2y8c000001hAX3AAM","0058c00000BxeO9AAJ","false","OR-000167","2022-03-29T14:36:02.000Z","0058c00000BxeO9AAJ","2025-07-10T00:09:53.000Z","0058c00000BxeO9AAJ","2025-07-10T00:09:53.000Z","equal to","a308c000000GIPYAA4","a2z8c000000FbMIAA0","a308c000000GIPWAA4","a2y8c000001hAXoAAM"
"a2y8c000001hAX4AAM","0058c00000BxeO9AAJ","false","OR-000168","2022-03-29T14:36:02.000Z","0058c00000BxeO9AAJ","2025-07-10T00:09:53.000Z","0058c00000BxeO9AAJ","2025-07-10T00:09:53.000Z","equal to","a308c000000GIPUAA4","a2z8c000000FbMJAA0","a308c000000GIPWAA4","a2y8c000001hAXpAAM"
"a2y8c000001hAX5AAM","0058c00000BxeO9AAJ","false","OR-000169","2022-03-29T14:36:02.000Z","0058c00000BxeO9AAJ","2025-07-10T00:09:53.000Z","0058c00000BxeO9AAJ","2025-07-10T00:09:53.000Z","equal to","a308c000000GIPTAA4","a2z8c000000FbLqAAK","a308c000000GIPSAA4","a2y8c000001hAXqAAM"
"a2y8c000001hAX6AAM","0058c00000BxeO9AAJ","false","OR-000170","2022-03-29T14:36:02.000Z","0058c00000BxeO9AAJ","2025-07-10T00:09:53.000Z","0058c00000BxeO9AAJ","2025-07-10T00:09:53.000Z","equal to","a308c000000GIPTAA4","a2z8c000000FbMEAA0","a308c000000GIPUAA4","a2y8c000001hAXrAAM"
"a2y8c000001hAX7AAM","0058c00000BxeO9AAJ","false","OR-000171","2022-03-29T14:36:02.000Z","0058c00000BxeO9AAJ","2025-07-10T00:09:53.000Z","0058c00000BxeO9AAJ","2025-07-10T00:09:53.000Z","equal to","a308c000000GIPTAA4","a2z8c000000FbMGAA0","a308c000000GIPVAA4","a2y8c000001hAXsAAM"
"a2y8c000001hAX8AAM","0058c00000BxeO9AAJ","false","OR-000172","2022-03-29T14:36:02.000Z","0058c00000BxeO9AAJ","2025-07-10T00:09:53.000Z","0058c00000BxeO9AAJ","2025-07-10T00:09:53.000Z","equal to","a308c000000GIPTAA4","a2z8c000000FbMIAA0","a308c000000GIPWAA4","a2y8c000001hAXtAAM"
"a2y8c000001hAX9AAM","0058c00000BxeO9AAJ","false","OR-000173","2022-03-29T14:36:02.000Z","0058c00000BxeO9AAJ","2025-07-10T00:09:53.000Z","0058c00000BxeO9AAJ","2025-07-10T00:09:53.000Z","equal to","a308c000000Bh07AAC","a2z8c000000BlgiAAC","a308c000000Bh0BAAS","42902124794470674"
"a2y8c000001hAXAAA2","0058c00000BxeO9AAJ","false","OR-000174","2022-03-29T14:36:02.000Z","0058c00000BxeO9AAJ","2025-07-10T00:09:53.000Z","0058c00000BxeO9AAJ","2025-07-10T00:09:53.000Z","equal to","a308c000000Bh0CAAS","a2z8c000000BlgiAAC","a308c000000Bh0BAAS","42065070763544206"
"a2y8c000001hAXBAA2","0058c00000BxeO9AAJ","false","OR-000175","2022-03-29T14:36:02.000Z","0058c00000BxeO9AAJ","2025-07-10T00:09:53.000Z","0058c00000BxeO9AAJ","2025-07-10T00:09:53.000Z","equal to","a308c000000Bgz4AAC","a2z8c000000BlfgAAC","a308c000000Bgz7AAC","42104740385859730"
"a2y8c000001hAXCAA2","0058c00000BxeO9AAJ","false","OR-000176","2022-03-29T14:36:02.000Z","0058c00000BxeO9AAJ","2025-07-10T00:09:53.000Z","0058c00000BxeO9AAJ","2025-07-10T00:09:53.000Z","equal to","a308c000000Bgz8AAC","a2z8c000000BlfgAAC","a308c000000Bgz7AAC","42614734659258523"
